ds,y
1781090878.3896556,66
1781090878.3901446,66
1781090878.3906095,2962
1781090878.390613,2962
1781090878.4069793,2962
1781090878.4071295,66
1781090878.4071748,2962
1781090878.4236748,66
1781090878.4237535,66
1781090878.425023,66
1781090878.4250262,66
1781090878.4250276,2962
1781090878.4250324,2962
1781090878.5002594,66
1781090878.5007532,2962
1781090878.5070884,2962
1781090878.509704,2962
1781090878.515973,66
1781090878.516094,2962
1781090878.5272756,1514
1781090878.5338938,1514
1781090878.5351021,66
1781090878.5351133,2962
1781090878.5417225,1514
1781090878.5499456,2962
1781090878.5528822,66
1781090878.552901,66
1781090878.552903,1514
1781090878.5626123,2962
1781090878.5679545,2962
1781090878.5912237,66
1781090878.5913272,66
1781090878.5913296,66
1781090878.5913315,66
1781090878.591334,2962
1781090878.5912025,66
1781090878.5913205,66
1781090878.5913231,2962
1781090878.6056147,66
1781090878.605859,2962
1781090878.6056075,2962
1781090878.6173925,2962
1781090878.621732,66
1781090878.6222517,66
1781090878.6222632,2962
1781090878.6373677,66
1781090878.6373723,66
1781090878.6373744,66
1781090878.6373765,66
1781090878.6373868,2962
1781090878.6385171,66
1781090878.6397767,66
1781090878.6548715,2962
1781090878.6543021,66
1781090878.6543415,2962
1781090878.6661143,66
1781090878.6661205,2962
1781090878.6731262,2962
1781090878.6805184,2962
1781090878.693431,2962
1781090878.6976867,66
1781090878.6977086,66
1781090878.7052193,66
1781090878.705271,66
1781090878.7052457,2962
1781090878.7185237,2962
1781090878.722774,66
1781090878.722789,2962
1781090878.7276073,2962
1781090878.7394636,66
1781090878.7394743,2962
1781090878.744906,66
1781090878.7449229,2962
1781090878.7567012,1514
1781090878.7612581,2962
1781090878.7654452,2962
1781090878.7785532,66
1781090878.7785609,66
1781090878.7789838,66
1781090878.7797358,66
1781090878.7823977,66
1781090878.7824025,66
1781090878.782969,2962
1781090878.7983508,2962
1781090878.8002853,66
1781090878.8002925,66
1781090878.8007457,2962
1781090878.8064718,66
1781090878.8166745,2962
1781090878.8273137,1514
1781090878.82724,66
1781090878.8273249,2962
1781090878.8376243,2962
1781090878.8376324,2962
1781090878.8503525,1514
1781090878.8529034,66
1781090878.8531091,2962
1781090878.859125,2962
1781090878.873329,66
1781090878.873342,1514
1781090878.8765264,66
1781090878.8765776,66
1781090878.8769667,2962
1781090878.879098,2962
1781090878.8940568,66
1781090878.8940701,2962
1781090878.8962698,66
1781090878.8965783,66
1781090878.8971295,2962
1781090879.4955478,66
1781090879.4958816,2962
1781090879.4956503,2962
1781090880.4975874,66
1781090880.4984171,66
1781090880.4984193,66
1781090880.4984205,2962
1781090880.497583,66
1781090880.4984126,66
1781090880.498414,66
1781090880.4984155,2962
1781090880.5079966,66
1781090880.5081706,2962
1781090880.5079944,2962
1781090880.5257351,2962
1781090880.5257273,2962
1781090880.5416193,66
1781090880.5421326,66
1781090880.5421348,66
1781090880.5420687,66
1781090880.5420706,52
1781090880.5442946,2962
1781090880.5442896,66
1781090880.5442917,1514
1781090880.5515728,2962
1781090880.5603726,66
1781090880.5647497,66
1781090880.5647542,66
1781090880.5665255,2962
1781090880.5703204,66
1781090880.5703228,2962
1781090880.5807617,2962
1781090880.586137,2962
1781090880.595541,66
1781090880.6029608,2962
1781090880.604715,2962
1781090880.619541,2962
1781090880.6223729,66
1781090880.6223836,66
1781090880.6223855,2962
1781090880.6328614,66
1781090880.6328661,1514
1781090880.6382158,66
1781090880.6382182,66
1781090880.6389303,2962
1781090880.6389248,66
1781090880.638927,2962
1781090880.6560779,66
1781090880.656192,2962
1781090880.6560895,2962
1781090880.6738942,66
1781090880.6738977,66
1781090880.6738899,2962
1781090880.6743662,2962
1781090880.6899328,2962
1781090880.6913965,66
1781090880.6914475,66
1781090880.7070613,2962
1781090880.7115605,66
1781090880.712882,2962
1781090880.7215269,2962
1781090880.7251515,66
1781090880.7251554,66
1781090880.7251563,66
1781090880.7251575,2962
1781090880.7383606,1514
1781090880.7429185,1514
1781090880.7473795,2962
1781090880.7512126,2962
1781090880.7638116,66
1781090880.7641516,66
1781090880.764486,2962
1781090880.7693207,66
1781090880.7693298,66
1781090880.769331,1514
1781090880.7771387,2962
1781090880.7822735,66
1781090880.782284,66
1781090880.7836206,66
1781090880.7848058,66
1781090880.7945151,66
1781090880.7945204,2962
1781090880.7945693,66
1781090880.8056002,2962
1781090880.8121474,66
1781090880.8122065,2962
1781090880.8140397,2962
1781090880.8292181,66
1781090880.8297396,66
1781090880.8297408,2962
1781090880.8310173,2962
1781090880.847257,66
1781090880.8472629,2962
1781090880.847996,2962
1781090880.8646827,66
1781090880.8646896,2962
1781090880.8651187,66
1781090880.8658135,66
1781090880.8658173,2962
1781090880.8817902,66
1781090880.8824267,2962
1781090880.882681,66
1781090880.8834329,66
1781090880.8971732,1514
1781090880.8971763,2962
1781090880.8990579,66
1781090880.9020452,66
1781090880.9020932,2962
1781090880.9143476,66
1781090880.9143572,2962
1781090880.917004,66
1781090880.9172745,2962
1781090880.9314053,2962
1781090880.9352336,2962
1781090880.9486172,66
1781090880.9486768,2962
1781090880.9518406,2962
1781090880.9658937,66
1781090880.9662743,66
1781090880.9666033,2962
1781090880.9702802,66
1781090880.9702854,1514
1781090880.978129,2962
1781090880.984054,2962
1781090880.995318,66
1781090880.9953191,2962
1781090881.0005755,66
1781090881.0009124,66
1781090881.0017796,66
1781090881.0072236,2962
1781090881.0117903,66
1781090881.0127158,66
1781090881.0128045,2962
1781090881.0201695,66
1781090881.0303206,66
1781090881.0303683,2962
1781090881.036963,2962
1781090881.0452023,66
1781090881.048424,66
1781090881.0484722,2962
1781090881.0495996,1514
1781090881.0540555,2962
1781090881.0643723,2962
1781090881.0716114,2962
1781090881.0824482,66
1781090881.0824504,66
1781090881.0824513,1514
1781090881.0896356,66
1781090881.0902703,66
1781090881.0903876,2962
1781090881.091042,2962
1781090881.1070309,2962
1781090881.1077442,66
1781090881.108121,66
1781090881.1085727,2962
1781090881.123785,66
1781090881.1238418,66
1781090881.123843,66
1781090881.1242127,2962
1781090881.1258643,2962
1781090881.143067,66
1781090881.144854,2962
1781090881.1474721,66
1781090881.1534686,1514
1781090881.1534767,2962
1781090881.1636567,66
1781090881.1636853,66
1781090881.1636875,66
1781090881.1636891,66
1781090881.1636908,2962
1781090881.1742039,2962
1781090881.1788921,2962
1781090881.1873255,66
1781090881.1884954,66
1781090881.195102,2962
1781090881.1961215,1514
1781090881.2052424,66
1781090881.205234,66
1781090881.2052376,2962
1781090881.2096894,66
1781090881.2140622,2962
1781090881.2220433,2962
1781090881.2258446,66
1781090881.238762,2962
1781090881.2513804,66
1781090881.2526174,2962
1781090881.2559295,66
1781090881.2559328,66
1781090881.2568207,2962
1781090881.2608085,2962
1781090881.2735045,66
1781090881.2735069,66
1781090881.2744613,66
1781090881.274464,2962
1781090881.2780275,2962
1781090881.2915215,2962
1781090881.298468,66
1781090881.298472,66
1781090881.298473,66
1781090881.2984755,2962
1781090881.308629,2962
1781090881.3193707,66
1781090881.3229415,1514
1781090881.3253646,2962
1781090881.3296058,2962
1781090881.3397286,2962
1781090881.3426003,2962
1781090881.356839,2962
1781090881.3604805,66
1781090881.3604832,66
1781090881.3604844,66
1781090881.360873,2962
1781090881.3743138,66
1781090881.3744192,66
1781090881.3744216,66
1781090881.3748171,2962
1781090881.3789206,66
1781090881.3789232,66
1781090881.3789246,2962
1781090881.3919241,66
1781090881.3958905,2962
1781090881.4034455,2962
1781090881.4126735,66
1781090881.4128408,66
1781090881.4128475,1514
1781090881.421644,2962
1781090881.438198,66
1781090881.4389188,66
1781090881.4389203,66
1781090881.439277,2962
1781090881.4456313,66
1781090881.4489443,2962
1781090881.4571552,66
1781090881.4571488,66
1781090881.4571521,2962
1781090881.461259,1514
1781090881.4662006,2962
1781090881.4753785,66
1781090881.4753835,2962
1781090881.4847057,66
1781090881.4847357,2962
1781090881.4931297,66
1781090881.493134,2962
1781090881.500506,2962
1781090881.509603,2962
1781090881.5175333,66
1781090881.5185344,66
1781090881.5185385,2962
1781090881.52573,2962
1781090881.5358007,66
1781090881.5360615,66
1781090881.5422928,66
1781090881.5435398,66
1781090881.5435414,66
1781090881.5435429,2962
1781090881.543593,2962
1781090881.553769,2962
1781090881.5611973,2962
1781090881.5711648,66
1781090881.57131,2962
1781090881.5779486,52
1781090881.5779583,66
1781090881.5786397,66
1781090881.5786421,1514
1781090881.5875845,2962
1781090881.5879035,66
1781090881.5884905,74
1781090881.5897229,66
1781090881.5897672,2962
1781090881.6045718,66
1781090881.604574,2962
1781090881.6065433,1514
1781090881.6202161,2962
1781090881.6229966,66
1781090881.6230054,2962
1781090881.632189,2962
1781090881.6392074,66
1781090881.639256,2962
1781090881.6487718,2962
1781090881.6565347,2962
1781090881.6662807,66
1781090881.6663058,66
1781090881.666754,66
1781090881.6689773,66
1781090881.673914,66
1781090881.6739166,2962
1781090881.673952,2962
1781090881.68432,66
1781090881.6855788,2962
1781090881.690858,66
1781090881.6914117,66
1781090881.6930397,2962
1781090881.7038038,2962
1781090881.7090676,66
1781090881.7090707,66
1781090881.7095902,2962
1781090881.7189324,66
1781090881.7225404,66
1781090881.7265174,74
1781090881.7274604,2962
1781090881.7374656,66
1781090881.7444315,66
1781090881.7444327,66
1781090881.7453249,1514
1781090881.7496727,2962
1781090881.754385,2962
1781090881.763597,66
1781090881.763887,2962
1781090881.771124,2962
1781090881.775631,2962
1781090881.7878046,2962
1781090881.7925396,2962
1781090881.804897,2962
1781090881.8094127,66
1781090881.8100624,2962
1781090881.821611,66
1781090881.8219576,66
1781090881.8225412,74
1781090881.8225422,66
1781090881.8234992,66
1781090881.8235004,2962
1781090881.826778,66
1781090881.8270857,66
1781090881.8274884,2962
1781090881.8409305,66
1781090881.840938,2962
1781090881.845826,2962
1781090881.8578737,66
1781090881.858386,2962
1781090881.8618414,66
1781090881.8619065,2962
1781090881.8753343,66
1781090881.876139,66
1781090881.876141,2962
1781090881.879383,66
1781090881.8794453,2962
1781090881.892974,2962
1781090881.8965425,66
1781090881.8982124,2962
1781090881.9105003,2962
1781090881.9139602,66
1781090881.9143105,66
1781090881.9157536,74
1781090881.9158049,2962
1781090881.927337,2962
1781090881.932658,1514
1781090881.94333,2962
1781090881.944545,66
1781090881.9445508,66
1781090881.945311,2962
1781090881.9583993,2962
1781090881.9635274,66
1781090881.9635866,2962
1781090881.976421,66
1781090881.97649,66
1781090881.9764924,66
1781090881.9764938,2962
1781090881.9793396,66
1781090881.9797084,2962
1781090881.993509,66
1781090881.9935215,66
1781090881.9984012,66
1781090881.9984035,2962
1781090881.9995553,66
1781090881.9996152,1514
1781090882.006361,2962
1781090882.0111554,2962
1781090882.0229716,2962
1781090882.0286996,66
1781090882.0287514,2962
1781090882.040191,1514
1781090882.0458589,66
1781090882.045869,66
1781090882.047709,2962
1781090882.0484185,2962
1781090882.063601,66
1781090882.0636606,2962
1781090882.0659037,2962
1781090882.0807943,66
1781090882.0811713,2962
1781090882.082787,66
1781090882.0827892,66
1781090882.0837078,66
1781090882.0837102,2962
1781090882.099548,2962
1781090882.1006343,2962
1781090882.1159072,66
1781090882.1159291,2962
1781090882.117613,2962
1781090882.1334882,66
1781090882.1335232,66
1781090882.136574,66
1781090882.136584,66
1781090882.136586,2962
1781090882.136811,2962
1781090882.4976125,2962
1781090882.4976704,2962
1781090882.5059295,66
1781090882.5063145,66
1781090882.5063071,66
1781090882.506311,2962
1781090882.506987,1514
1781090882.5160875,2962
1781090882.5236456,2962
1781090882.5325048,66
1781090882.5325098,2962
1781090882.5408657,66
1781090882.541613,66
1781090882.5416143,66
1781090882.5416162,2962
1781090882.5498834,66
1781090882.5498865,2962
1781090882.5594263,2962
1781090882.5679376,2962
1781090882.575838,66
1781090882.5758483,66
1781090882.57656,1514
1781090882.5841043,66
1781090882.5845582,66
1781090882.5849273,2962
1781090882.5882955,78
1781090882.5882978,66
1781090882.603201,2962
1781090882.6152835,1514
1781090882.6154368,2962
1781090882.619305,2962
1781090882.632446,2962
1781090882.6374147,74
1781090882.6374173,66
1781090882.6374185,66
1781090882.6374266,66
1781090882.6374283,2962
1781090882.6494448,2962
1781090882.654657,2962
1781090882.6684074,66
1781090882.6684787,2962
1781090882.6765804,66
1781090882.6765838,2962
1781090882.6834266,74
1781090882.6840143,2962
1781090883.1571963,66
1781090883.1572852,66
1781090883.1572871,66
1781090883.157288,66
1781090883.157188,66
1781090883.1572268,78
1781090883.1572278,66
1781090883.1572287,2962
1781090883.1670094,66
1781090883.1670156,66
1781090883.1678932,2962
1781090883.178095,66
1781090883.1781085,2962
1781090883.184531,2962
1781090883.1868718,2962
1781090883.2096093,66
1781090883.2101023,2962
1781090883.2096066,66
1781090883.2100983,2962
1781090883.2196467,66
1781090883.2196543,2962
1781090883.221615,2962
1781090883.2367449,2962
1781090883.2402627,2962
1781090883.2532413,2962
1781090883.2554326,66
1781090883.2556078,66
1781090883.2558596,66
1781090883.2575598,2962
1781090883.2718513,2962
1781090883.2737224,66
1781090883.273728,2962
1781090883.2923555,66
1781090883.2923675,66
1781090883.2923691,2962
1781090883.292351,66
1781090883.2923636,66
1781090883.2923648,66
1781090883.292366,2962
1781090883.313707,66
1781090883.3137872,66
1781090883.3137043,66
1781090883.313786,2962
1781090883.3138604,2962
1781090883.3240054,66
1781090883.3242488,2962
1781090883.334754,2962
1781090883.3451147,66
1781090883.3451664,2962
1781090883.3451276,1514
1781090883.3552036,2962
1781090883.3612168,78
1781090883.3612208,66
1781090883.3666096,1514
1781090883.366695,66
1781090883.3667092,66
1781090883.3759406,66
1781090883.3759472,66
1781090883.3759482,2962
1781090883.3760524,66
1781090883.3966002,66
1781090883.3966134,2962
1781090883.396681,66
1781090883.3967512,2962
1781090883.4070063,2962
1781090883.4173281,66
1781090883.4174519,66
1781090883.4174533,2962
1781090883.4232209,1514
1781090883.428711,1514
1781090883.4310327,66
1781090883.431139,2962
1781090883.4369996,2962
1781090883.449535,66
1781090883.4496853,66
1781090883.4497924,2962
1781090883.4542255,66
1781090883.4542274,2962
1781090883.4667885,2962
1781090883.471092,2962
1781090883.48383,2962
1781090883.4885244,2962
1781090883.5000389,66
1781090883.5022907,66
1781090883.5023046,2962
1781090883.505593,2962
1781090883.518319,66
1781090883.5183325,66
1781090883.5220306,66
1781090883.5230997,66
1781090883.5231123,2962
1781090883.542136,66
1781090883.542159,66
1781090883.5421607,1514
1781090883.5423794,66
1781090883.542447,2962
1781090883.5524044,2962
1781090883.5542758,66
1781090883.5543046,66
1781090883.554523,66
1781090883.5575202,2962
1781090883.5733044,66
1781090883.5733345,2962
1781090883.5738175,2962
1781090883.5935035,66
1781090883.5935206,2962
1781090883.593501,2962
1781090883.603829,66
1781090883.6038675,2962
1781090883.603824,66
1781090883.6038494,66
1781090883.6038504,66
1781090883.6038516,66
1781090883.6038525,66
1781090883.6038532,2962
1781090883.6217854,66
1781090883.6218066,66
1781090883.6217818,66
1781090883.6218011,66
1781090883.621803,1514
1781090883.6255162,2962
1781090883.635688,2962
1781090883.6390529,2962
1781090883.6470704,2962
1781090883.6604993,66
1781090883.664698,2962
1781090883.6647968,66
1781090883.6667309,66
1781090883.6873698,66
1781090883.6881566,2962
1781090883.6934104,2962
1781090883.6986818,2962
1781090883.701944,66
1781090883.7019508,1570
1781090883.718421,66
1781090883.7184978,66
1781090883.7188735,66
1781090883.7188745,66
1781090883.7188754,66
1781090883.7188766,1514
1781090883.7213757,2962
1781090883.7255642,2962
1781090883.7296267,66
1781090883.7318845,2962
1781090883.7430797,2962
1781090883.7493546,2962
1781090883.7599423,52
1781090883.7599506,66
1781090883.7603734,66
1781090883.761223,2962
1781090883.7644527,2962
1781090883.7808135,2962
1781090883.7814207,66
1781090883.7814229,66
1781090883.7820756,66
1781090883.7820773,66
1781090883.782841,2962
1781090883.8119276,66
1781090883.8119557,66
1781090883.8119574,2962
1781090883.819364,66
1781090883.821185,66
1781090883.8211985,2962
1781090883.8324358,66
1781090883.838705,2962
1781090883.840965,2962
1781090883.8535216,66
1781090883.853645,1514
1781090883.8558304,2962
1781090883.858812,2962
1781090883.8724394,66
1781090883.873033,66
1781090883.8730385,2962
1781090883.8752048,2962
1781090883.8950157,2962
1781090883.8950121,66
1781090883.8950315,2962
1781090883.9080608,2962
1781090883.909904,66
1781090883.909906,66
1781090883.9099076,2962
1781090883.9263473,2962
1781090883.9278095,66
1781090883.9278138,2962
1781090883.9418418,66
1781090883.9421942,66
1781090883.942798,66
1781090883.9428039,2962
1781090883.9470465,66
1781090883.947049,66
1781090883.94705,2962
1781090883.9609416,66
1781090883.9609437,66
1781090883.960945,66
1781090883.9609466,66
1781090883.9615684,2962
1781090883.9627588,66
1781090883.9642963,2962
1781090883.9784865,66
1781090883.989051,2962
1781090883.9890494,1514
1781090883.989062,2962
1781090883.9973452,66
1781090883.9978328,66
1781090883.9978406,66
1781090883.9995184,66
1781090884.4928436,2962
1781090884.4945922,2962
1781090884.5017111,1514
1781090884.5029418,66
1781090884.5030193,66
1781090884.5039124,2962
1781090884.5100744,2962
1781090884.5206614,2962
1781090884.5272057,2962
1781090884.5384114,66
1781090884.5384214,66
1781090884.5384233,66
1781090884.5419965,2962
1781090884.5439186,66
1781090884.543921,2962
1781090884.5560822,2962
1781090884.5617146,66
1781090884.5617263,66
1781090884.5617275,66
1781090884.5623991,66
1781090884.5628374,2962
1781090884.5729618,66
1781090884.5732505,2962
1781090884.5899768,2962
1781090884.5903862,66
1781090884.5909436,66
1781090884.5909498,66
1781090884.6001365,66
1781090884.600139,66
1781090884.6001403,2962
1781090884.6005065,2962
1781090884.6090863,1514
1781090884.616452,1514
1781090884.617297,2962
1781090884.62485,2962
1781090884.641358,66
1781090884.6413805,66
1781090884.6413827,66
1781090884.6417599,66
1781090884.6417608,2962
1781090884.6417837,2962
1781090884.652419,66
1781090884.6591878,1570
1781090884.6595213,66
1781090884.6619976,2962
1781090884.6721914,66
1781090884.6722143,2962
1781090884.6722026,66
1781090884.6722038,2962
1781090884.6862185,2962
1781090884.687629,66
1781090884.6876369,66
1781090884.6884024,66
1781090884.6886427,2962
1781090884.703178,66
1781090884.7032852,66
1781090884.7135234,2962
1781090884.713674,66
1781090884.721905,66
1781090884.7222502,54
1781090884.7222548,66
1781090884.723063,66
1781090884.7230685,2962
1781090884.7231514,2962
1781090884.731572,66
1781090884.744811,66
1781090884.7448206,1514
1781090884.744931,66
1781090884.7493196,2962
1781090884.749472,66
1781090884.7495208,2962
1781090884.7656214,2962
1781090884.7664685,2962
1781090884.7756293,66
1781090884.7863011,66
1781090884.786308,2962
1781090884.786419,2962
1781090884.7946875,66
1781090884.8007557,2962
1781090884.8009396,66
1781090884.8180866,66
1781090884.8180945,66
1781090884.818275,2962
1781090885.4960995,2962
1781090885.4966462,66
1781090885.497317,66
1781090885.4979413,2962
1781090885.5048678,66
1781090885.5048707,66
1781090885.5059235,2962
1781090885.5060515,2962
1781090885.5224612,2962
1781090885.5240557,2962
1781090885.549222,66
1781090885.5492458,66
1781090885.549218,2962
1781090885.5493472,66
1781090885.5495284,2962
1781090885.5578487,66
1781090885.5578673,66
1781090885.558618,2962
1781090885.5586166,66
1781090885.558624,2962
1781090885.5813115,66
1781090885.5813088,66
1781090885.5813267,1514
1781090885.5814266,1514
1781090885.5843265,2962
1781090885.584768,2962
1781090885.6021016,66
1781090885.60212,66
1781090885.6020985,2962
1781090885.6021724,66
1781090885.6043432,2962
1781090885.6190493,2962
1781090885.623501,66
1781090885.6362875,66
1781090885.6362903,66
1781090885.636292,66
1781090885.6366272,2962
1781090885.638098,66
1781090885.6381133,2962
1781090885.645476,54
1781090885.6454818,2962
1781090885.6543732,66
1781090885.6547813,2962
1781090885.6627462,66
1781090885.6627517,2962
1781090885.671746,2962
1781090885.6802216,66
1781090885.6802359,66
1781090885.6994367,1514
1781090885.699455,2962
1781090885.6995478,66
1781090885.7001324,2962
1781090885.7086952,2962
1781090885.7202213,66
1781090885.7202418,66
1781090885.720245,66
1781090885.7202566,66
1781090885.720259,2962
1781090885.725577,66
1781090885.7256103,2962
1781090885.7349713,2962
1781090885.7432375,66
1781090885.743289,66
1781090885.7531364,66
1781090885.7531633,66
1781090885.753166,2962
1781090885.7533205,2962
1781090885.7626154,66
1781090885.769741,66
1781090885.772056,2962
1781090885.7722032,2962
1781090885.7839944,66
1781090885.7878087,2962
1781090885.7879155,66
1781090885.8078868,2962
1781090885.808854,2962
1781090885.82286,2962
1781090885.8228168,66
1781090885.8228362,66
1781090885.822839,2962
1781090885.8358958,2962
1781090885.839356,66
1781090885.8393593,1514
1781090885.8478286,2962
1781090885.852427,66
1781090885.852446,66
1781090885.8524482,66
1781090885.8524501,66
1781090885.853017,2962
1781090885.865453,2962
1781090885.8700137,66
1781090885.8700216,2962
1781090885.8825133,2962
1781090886.2942588,2962
1781090886.30133,2962
1781090886.3111439,66
1781090886.3111453,66
1781090886.3119476,1514
1781090886.3184967,66
1781090886.3185012,2962
1781090886.3204863,2962
1781090886.3358355,66
1781090886.335842,2962
1781090886.3371081,2962
1781090886.353465,66
1781090886.3534741,66
1781090886.3545187,52
1781090886.354524,66
1781090886.3550324,2962
1781090886.3550572,66
1781090886.3724182,2962
1781090886.3725574,66
1781090886.381967,2962
1781090886.389206,66
1781090886.3895311,66
1781090886.389844,2962
1781090886.390511,1514
1781090886.3990057,2962
1781090886.413784,66
1781090886.4137914,2962
1781090886.5027947,2962
1781090886.5028284,66
1781090886.502909,2962
1781090886.5113053,2962
1781090886.5118694,66
1781090886.5118716,2962
1781090886.5290775,66
1781090886.5292222,66
1781090886.5292249,2962
1781090886.5292122,66
1781090886.5292268,66
1781090886.5311096,1514
1781090886.5390298,2962
1781090886.5462158,66
1781090886.5462198,2962
1781090886.5574691,66
1781090886.557485,2962
1781090886.5651302,66
1781090886.5652928,2962
1781090886.5725598,66
1781090886.5734348,2962
1781090887.498613,2962
1781090887.4986243,66
1781090887.5001159,66
1781090887.5001175,66
1781090887.5001197,2962
1781090887.5096104,66
1781090887.5113845,66
1781090887.5113873,66
1781090887.511388,66
1781090887.5113888,66
1781090887.5113902,2962
1781090887.5098844,2962
1781090887.531112,66
1781090887.5311177,2962
1781090887.53124,2962
1781090887.543703,2962
1781090887.5451145,2962
1781090887.5615916,66
1781090887.5616045,66
1781090887.5617762,66
1781090887.5617774,2962
1781090887.5618289,66
1781090887.5691276,1514
1781090887.5697954,2962
1781090887.5779202,66
1781090887.5798817,66
1781090887.5798879,2962
1781090887.5871556,2962
1781090887.5961807,2962
1781090887.6039069,66
1781090887.6039753,66
1781090887.6042113,2962
1781090887.6143012,2962
1781090887.6214497,66
1781090887.6306453,2962
1781090887.6376154,66
1781090887.6442509,66
1781090887.6469345,2962
1781090887.6544862,66
1781090887.6566052,2962
1781090887.6641505,66
1781090887.664876,2962
1781090887.6648736,66
1781090887.6648746,66
1781090887.6653183,2962
1781090887.6857276,2962
1781090887.6858056,66
1781090887.6858175,66
1781090887.6858184,2962
1781090887.699455,2962
1781090887.7010992,2962
1781090887.7161677,66
1781090887.7161765,66
1781090887.7172213,2962
1781090887.721078,66
1781090887.734516,66
1781090887.7349951,2962
1781090887.7345214,66
1781090887.7350192,2962
1781090887.7439318,66
1781090887.7476978,2962
1781090887.7524934,66
1781090887.7524958,66
1781090887.7524974,2962
1781090887.760627,2962
1781090887.7699218,66
1781090887.769927,1514
1781090887.778541,2962
1781090887.7787542,2962
1781090887.79531,66
1781090887.795362,66
1781090887.7953634,2962
1781090887.7962112,2962
1781090887.8124523,66
1781090887.8139946,2962
1781090887.8154142,66
1781090887.8184135,66
1781090887.8295267,66
1781090887.830235,2962
1781090887.831609,1514
1781090887.8316116,2962
1781090887.8473394,66
1781090887.8473406,66
1781090887.8478932,66
1781090887.8478942,66
1781090887.8496156,2962
1781090887.849613,2962
1781090887.8660975,2962
1781090887.8660946,2962
1781090887.8834484,66
1781090887.883445,2962
1781090887.8836055,66
1781090887.888275,66
1781090887.9000697,66
1781090887.9000747,2962
1781090887.9019172,2962
1781090887.9103444,66
1781090887.9104052,2962
1781090887.9168184,66
1781090887.9178424,2962
1781090887.9274373,66
1781090887.9282022,2962
1781090887.934412,66
1781090887.9352758,66
1781090887.9352782,2962
1781090887.9567208,2962
1781090887.957126,66
1781090887.9578564,2962
1781090887.964834,66
1781090887.965226,66
1781090887.965995,66
1781090887.9745078,66
1781090887.9746578,2962
1781090887.9752386,2962
1781090887.9839995,2962
1781090887.9870133,2962
1781090888.0011308,66
1781090888.001154,2962
1781090888.004078,66
1781090888.0047495,66
1781090888.0047512,1514
1781090888.013315,2962
1781090888.0177834,66
1781090888.0212622,66
1781090888.0301929,2962
1781090888.0350459,2962
1781090888.0438008,1514
1781090888.0474725,66
1781090888.048256,66
1781090888.0482585,2962
1781090888.0526156,2962
1781090888.0656006,2962
1781090888.0692453,2962
1781090888.0826845,2962
1781090888.0860677,66
1781090888.0861287,66
1781090888.0867631,2962
1781090888.1005185,66
1781090888.1014135,66
1781090888.1014159,66
1781090888.1014168,1514
1781090888.104261,66
1781090888.1042626,66
1781090888.1042633,2962
1781090888.1092772,2962
1781090888.1263733,2962
1781090888.1269994,66
1781090888.1453419,2962
1781090888.145472,2962
1781090888.1542819,66
1781090888.1543505,66
1781090888.1543517,66
1781090888.1604314,66
1781090888.1604464,66
1781090888.1605377,2962
1781090888.1609583,2962
1781090888.177931,66
1781090888.1785207,66
1781090888.1785324,2962
1781090888.1802669,2962
1781090888.1888127,2962
1781090888.1962292,66
1781090888.1962337,2962
1781090888.2058408,2962
1781090888.2132492,2962
1781090888.2233787,66
1781090888.2234516,66
1781090888.223873,66
1781090888.230172,2962
1781090888.2302384,66
1781090888.2304692,66
1781090888.2307692,2962
1781090888.2411103,2962
1781090888.2481422,66
1781090888.2481449,2962
1781090888.258348,66
1781090888.2594168,66
1781090888.2652712,66
1781090888.265997,2962
1781090888.2719586,2962
1781090888.2801924,66
1781090888.280617,66
1781090888.2828705,66
1781090888.2831166,2962
1781090888.2833633,66
1781090888.2992642,2962
1781090888.30107,66
1781090888.3031285,2962
1781090888.3090498,2962
1781090888.3188205,2962
1781090888.3245032,1514
1781090888.3330755,2962
1781090888.3355672,2962
1781090888.3501866,66
1781090888.3512747,66
1781090888.3512769,2962
1781090888.3521106,2962
1781090888.3683429,2962
1781090888.3709984,66
1781090888.371017,66
1781090888.3710191,66
1781090888.3710217,2962
1781090888.3848343,66
1781090888.3855567,66
1781090888.3855577,1514
1781090888.3870099,2962
1781090888.3947845,2962
1781090888.4054391,2962
1781090888.4123251,2962
1781090888.4213016,66
1781090888.421311,2962
1781090888.4291966,66
1781090888.4304628,66
1781090888.4309697,66
1781090888.4316914,66
1781090888.4386652,66
1781090888.4391475,66
1781090888.4391491,66
1781090888.440314,2962
1781090888.4405985,2962
1781090888.4488423,2962
1781090888.461716,2962
1781090888.4659858,66
1781090888.4659932,2962
1781090888.4739027,66
1781090888.4739664,66
1781090888.474379,2962
1781090888.4849718,66
1781090888.4850996,2962
1781090888.4913554,2962
1781090888.5007951,66
1781090888.5008,66
1781090888.5019035,2962
1781090888.5099108,66
1781090888.5099144,2962
1781090888.518574,66
1781090888.518585,2962
1781090888.5260503,66
1781090888.5265796,2962
1781090888.5357277,66
1781090888.5441804,2962
1781090888.5442452,66
1781090888.5501409,2962
1781090888.56064,2962
1781090888.5609503,66
1781090888.570311,2962
1781090888.578884,2962
1781090888.5788827,52
1781090888.5788896,2962
1781090888.5948594,66
1781090888.595228,66
1781090888.5954902,2962
1781090888.5956256,74
1781090888.5962062,1514
1781090888.604888,2962
1781090888.6186543,66
1781090888.6186686,2962
1781090888.6215208,66
1781090888.6220624,66
1781090888.630126,66
1781090888.6302102,66
1781090888.6304967,1514
1781090888.6389804,2962
1781090888.6569223,66
1781090888.6569314,66
1781090888.6569345,2962
1781090888.658287,2962
1781090888.666688,66
1781090888.6667604,66
1781090888.6683822,2962
1781090888.6741004,2962
1781090888.6842105,2962
1781090888.691298,66
1781090888.6913052,66
1781090888.6919153,66
1781090888.691917,2962
1781090888.7019236,66
1781090888.7019854,66
1781090888.701987,2962
1781090888.7089128,1514
1781090888.7177162,2962
1781090888.7194376,2962
1781090888.7346888,2962
1781090888.7373624,66
1781090888.7373781,66
1781090888.7482316,2962
1781090888.7517557,2962
1781090888.7612197,2962
1781090888.7686927,66
1781090888.769377,74
1781090888.7697592,66
1781090888.7697606,2962
1781090888.773508,66
1781090888.7747018,2962
1781090888.7874599,66
1781090888.78747,74
1781090888.7879112,66
1781090888.7879124,2962
1781090888.7909808,2962
1781090888.8068905,66
1781090888.8068974,66
1781090888.8068988,122
1781090888.8069005,2962
1781090889.511757,66
1781090889.5125697,66
1781090889.512573,66
1781090889.5125751,74
1781090889.512577,66
1781090889.512579,2962
1781090889.511902,2962
1781090889.520577,122
1781090889.520642,66
1781090889.5217328,66
1781090889.5217733,66
1781090889.5227845,2962
1781090889.5248625,66
1781090889.526128,2962
1781090889.5397625,66
1781090889.539769,2962
1781090889.5399148,2962
1781090889.7032063,66
1781090889.7032394,74
1781090889.7034674,2962
1781090889.7033527,2962
1781090889.7117147,66
1781090889.7123473,78
1781090889.71236,2962
1781090889.7123516,2962
1781090889.7298474,66
1781090889.7298536,66
1781090889.7298439,2962
1781090889.7306087,1514
1781090889.7391415,66
1781090889.7391453,66
1781090889.7400665,2962
1781090889.7492135,2962
1781090889.756781,66
1781090889.7572565,66
1781090889.757261,2962
1781090889.7702672,2962
1781090889.7748537,74
1781090889.7753294,66
1781090889.775331,2962
1781090889.780823,66
1781090889.7808287,66
1781090889.7813854,66
1781090889.781391,66
1781090889.7819586,66
1781090889.78254,2962
1781090889.7928715,66
1781090889.7928858,66
1781090889.7928877,2962
1781090889.7992585,66
1781090889.7995994,2962
1781090889.8106225,66
1781090889.8106296,2962
1781090889.8173862,66
1781090889.817389,2962
1781090889.8280022,2962
1781090889.834403,2962
1781090889.8448544,2962
1781090889.8515494,2962
1781090889.8615022,66
1781090889.8623405,2962
1781090889.8687866,78
1781090889.868798,66
1781090889.8692944,2962
1781090889.8790522,66
1781090889.8795428,66
1781090889.8798227,66
1781090889.880381,2962
1781090889.8863177,66
1781090889.8866143,2962
1781090889.9016445,2962
1781090889.9057004,66
1781090889.9057074,66
1781090889.905709,2962
1781090889.9163516,2962
1781090889.9268,2962
1781090889.9312198,66
1781090889.937271,2962
1781090889.9387498,2962
1781090889.948654,66
1781090889.9495833,66
1781090889.9580882,2962
1781090889.9583259,66
1781090890.5083284,66
1781090890.5083294,66
1781090890.5083303,66
1781090890.5083315,2962
1781090890.509408,66
1781090890.5094252,2962
1781090890.5072985,66
1781090891.5114908,66
1781090891.5120635,2962
1781090891.512782,2962
1781090891.5215235,2962
1781090891.5215602,1514
1781090891.5291286,2962
1781090891.5412154,2962
1781090891.5466514,66
1781090891.546664,66
1781090891.5466661,52
1781090891.547068,66
1781090891.5479784,2962
1781090891.555743,1514
1781090891.5641832,66
1781090891.564193,66
1781090891.5653613,66
1781090891.5653722,2962
1781090891.5653586,2962
1781090891.5814133,66
1781090891.5820289,2962
1781090891.5820253,66
1781090891.582027,2962
1781090891.5996246,66
1781090891.5996666,66
1781090891.599669,2962
1781090891.5996559,2962
1781090891.6197624,1514
1781090891.619759,66
1781090891.6199248,1514
1781090891.6353304,2962
1781090891.635328,2962
1781090891.645579,66
1781090891.6457188,66
1781090891.6457214,2962
1781090891.6455774,2962
1781090891.6608381,2962
1781090891.66186,2962
1781090891.697156,66
1781090891.697602,66
1781090891.697603,66
1781090891.6976047,66
1781090891.697154,66
1781090891.6976528,2962
1781090891.6975977,66
1781090891.697599,66
1781090891.6976004,2962
1781090891.7069676,66
1781090891.7069182,78
1781090891.7069197,66
1781090891.7075412,2962
1781090891.7075436,2962
1781090891.7286632,66
1781090891.7287304,2962
1781090891.728674,2962
1781090891.7498467,2962
1781090891.7498448,66
1781090891.7498589,66
1781090891.7498598,66
1781090891.7498608,66
1781090891.7498617,2962
1781090891.7601044,66
1781090891.7601748,66
1781090891.760177,2962
1781090891.7601094,66
1781090891.770091,2962
1781090891.7765214,66
1781090891.7770824,2962
1781090891.7785273,2962
1781090891.8017998,66
1781090891.8018875,2962
1781090891.8018773,66
1781090891.8018928,1514
1781090891.8048706,2962
1781090891.812106,1514
1781090891.8206995,2962
1781090891.8219883,2962
1781090891.843647,66
1781090891.8436632,1514
1781090891.8436532,2962
1781090891.8463504,2962
1781090891.8647676,66
1781090891.8648624,66
1781090891.8648653,2962
1781090891.8647606,2962
1781090891.8747132,66
1781090891.8748035,66
1781090891.874805,66
1781090891.874806,66
1781090891.8748076,2962
1781090891.8815846,66
1781090891.8815935,2962
1781090891.8912556,2962
1781090891.9063337,66
1781090891.906425,66
1781090891.9064262,70
1781090891.906427,66
1781090891.9064279,2962
1781090891.9087021,2962
1781090891.9166427,66
1781090891.9173632,66
1781090891.9274292,2962
1781090891.9275067,66
1781090891.9376805,2962
1781090891.9480093,66
1781090891.948107,66
1781090891.9480174,66
1781090891.9480188,2962
1781090891.951284,2962
1781090891.9605448,66
1781090891.960552,70
1781090891.9616811,66
1781090891.9620564,66
1781090891.9620583,2962
1781090891.965569,2962
1781090891.9804027,2962
1781090891.9803984,2962
1781090892.0008905,2962
1781090892.0005698,2962
1781090892.013034,66
1781090892.014178,66
1781090892.0141797,66
1781090892.0141814,2962
1781090892.016277,66
1781090892.0163515,66
1781090892.0163543,66
1781090892.0163558,66
1781090892.032102,66
1781090892.0321236,2962
1781090892.032861,2962
1781090892.0422556,2962
1781090892.0492203,2962
1781090892.0588179,2962
1781090892.073918,2962
1781090892.0763996,66
1781090892.076414,2962
1781090892.0828943,1514
1781090892.091801,2962
1781090892.0931478,66
1781090892.0931833,66
1781090892.093186,2962
1781090892.1088748,66
1781090892.1088767,66
1781090892.1088793,2962
1781090892.1109025,66
1781090892.1109247,2962
1781090892.1264758,66
1781090892.1264808,66
1781090892.1275537,66
1781090892.12765,2962
1781090892.1281362,66
1781090892.128139,66
1781090892.128751,2962
1781090892.1466641,66
1781090892.1466765,1514
1781090892.146662,66
1781090892.1466758,2962
1781090892.1552494,2962
1781090892.1620145,1514
1781090892.1775792,66
1781090892.1775892,66
1781090892.1775918,2962
1781090892.1775777,2962
1781090892.1881096,2962
1781090892.191448,2962
1781090892.2045407,2962
1781090892.207227,66
1781090892.2072356,66
1781090892.207237,2962
1781090892.2299056,2962
1781090892.2299044,2962
1781090892.2402673,66
1781090892.2402737,66
1781090892.2402744,66
1781090892.2402754,2962
1781090892.2414448,66
1781090892.2417214,66
1781090892.2589386,66
1781090892.258998,2962
1781090892.2590594,66
1781090892.2590692,66
1781090892.2590895,2962
1781090892.2717662,2962
1781090892.273938,66
1781090892.2744074,2962
1781090892.2854629,2962
1781090892.2926762,2962
1781090892.3022368,66
1781090892.3025079,66
1781090892.3031118,2962
1781090892.3092847,66
1781090892.3093162,2962
1781090892.3206491,2962
1781090892.3342125,66
1781090892.334228,66
1781090892.334229,2962
1781090892.3373253,66
1781090892.3373282,66
1781090892.3448367,2962
1781090892.3524935,2962
1781090892.3609157,2962
1781090892.3609145,66
1781090892.3609207,2962
1781090892.3779008,66
1781090892.3781524,2962
1781090892.3781502,1514
1781090892.3871434,2962
1781090892.3952718,66
1781090892.3956845,66
1781090892.3959994,66
1781090892.3963127,2962
1781090892.4038746,66
1781090892.4038801,66
1781090892.4046621,2962
1781090892.413349,66
1781090892.4216952,66
1781090892.4216993,2962
1781090892.4237142,66
1781090892.4391394,2962
1781090892.4390686,66
1781090892.4391491,66
1781090892.4398346,66
1781090892.4398394,2962
1781090892.4474971,2962
1781090892.4597661,2962
1781090892.4648438,66
1781090892.4648514,2962
1781090892.4745774,2962
1781090892.4821472,66
1781090892.482294,1514
1781090892.4910529,66
1781090892.4910593,2962
1781090892.4922342,66
1781090892.4922376,2962
1781090892.509453,66
1781090892.5094593,66
1781090892.5098064,2962
1781090892.522676,66
1781090892.5265112,66
1781090892.5265195,2962
1781090892.5265553,66
1781090893.5062435,2962
1781090893.5058637,66
1781090893.5062306,1514
1781090893.506232,2962
1781090893.5151553,66
1781090893.523384,2962
1781090893.5339668,66
1781090893.5343301,1514
1781090893.5343328,2962
1781090893.544793,52
1781090893.5457988,66
1781090893.545801,2962
1781090893.5549545,66
1781090893.5549667,66
1781090893.565466,2962
1781090893.5656083,66
1781090893.565632,2962
1781090893.5742733,2962
1781090893.575675,66
1781090893.5756767,2962
1781090893.5967805,2962
1781090893.5967848,66
1781090893.596867,66
1781090893.5968683,2962
1781090893.6177142,66
1781090893.6178982,66
1781090893.6177905,66
1781090893.6179008,1514
1781090893.6181026,66
1781090893.6190538,2962
1781090894.506678,66
1781090894.5043998,66
1781090894.5061753,66
1781090894.5061784,66
1781090894.5061808,2962
1781090894.5068088,66
1781090894.5068285,2962
1781090894.515525,66
1781090894.5155287,2962
1781090894.5156512,2962
1781090894.5336528,2962
1781090894.5336487,66
1781090894.5336862,66
1781090894.533689,2962
1781090894.5501513,2962
1781090894.5527349,2962
1781090894.567563,66
1781090894.5676074,66
1781090894.5676103,66
1781090894.5677786,2962
1781090894.5675707,52
1781090894.5677521,2962
1781090894.5857255,2962
1781090894.5857227,66
1781090894.5857654,66
1781090894.5857677,2962
1781090894.601888,66
1781090894.6038723,2962
1781090894.6038857,66
1781090894.603889,2962
1781090894.6203022,66
1781090894.62042,66
1781090894.6204305,2962
1781090894.6203105,66
1781090894.6204343,66
1781090894.621396,66
1781090894.6213984,2962
1781090894.6379993,66
1781090894.6380253,2962
1781090894.6386907,66
1781090894.638694,2962
1781090894.655091,66
1781090894.6550994,66
1781090894.6555815,66
1781090894.6555848,2962
1781090894.6685226,2962
1781090894.6730263,2962
1781090894.681702,1514
1781090894.685195,2962
1781090894.6896846,2962
1781090894.704816,66
1781090894.7048237,2962
1781090894.707218,2962
1781090894.7197073,66
1781090894.7200248,2962
1781090894.723792,66
1781090894.7240698,66
1781090894.7244444,2962
1781090894.7372797,2962
1781090894.7417955,66
1781090894.7418013,66
1781090894.7426991,66
1781090894.7427034,2962
1781090894.7549658,66
1781090894.754977,66
1781090894.7549791,2962
1781090894.7606003,2962
1781090894.772116,66
1781090894.7724023,66
1781090894.777108,66
1781090894.7771096,2962
1781090894.7815456,2962
1781090894.7984176,2962
1781090894.798589,66
1781090894.8053355,66
1781090894.805341,2962
1781090894.811338,2962
1781090894.8164093,2962
1781090894.8283496,2962
1781090894.8310122,1514
1781090894.8400486,66
1781090894.8401537,2962
1781090894.8467836,66
1781090894.8467863,66
1781090894.8467872,66
1781090894.846788,66
1781090894.8467891,66
1781090894.8497355,2962
1781090894.8591228,66
1781090894.8591876,66
1781090894.8712761,2962
1781090894.8713331,2962
1781090894.8826196,2962
1781090894.8826807,1514
1781090894.8927445,2962
1781090894.8966534,66
1781090894.897003,2962
1781090894.906872,2962
1781090894.9140031,66
1781090894.9143012,66
1781090894.9147747,2962
1781090894.9240572,66
1781090894.9244423,66
1781090894.9246354,1514
1781090894.9333572,66
1781090894.9334214,2962
1781090894.9339178,66
1781090894.9439442,1514
1781090894.9439461,2962
1781090894.9507325,2962
1781090894.9638138,66
1781090894.963876,2962
1781090894.9673572,66
1781090894.9680483,66
1781090894.9680495,2962
1781090894.9781632,2962
1781090894.9858923,2962
1781090894.996075,66
1781090894.9961405,2962
1781090895.0029166,2962
1781090895.013401,66
1781090895.0134404,66
1781090895.0134652,2962
1781090895.019223,66
1781090895.0211408,66
1781090895.0211475,66
1781090895.0211487,2962
1781090895.030321,66
1781090895.0309246,66
1781090895.0377457,66
1781090895.0377486,66
1781090895.0382936,66
1781090895.0385818,2962
1781090895.0575511,2962
1781090895.061202,66
1781090895.0660558,66
1781090895.0722322,2962
1781090895.0736005,66
1781090895.0736554,2962
1781090895.0817895,2962
1781090895.0900514,66
1781090895.0957375,2962
1781090895.0974338,2962
1781090895.1079047,66
1781090895.1079667,66
1781090895.1085818,2962
1781090895.116109,66
1781090895.1161714,66
1781090895.1191137,66
1781090895.1191175,2962
1781090895.1271062,2962
1781090895.1331544,2962
1781090895.1472013,2962
1781090895.1507418,66
1781090895.1507823,2962
1781090895.1614377,66
1781090895.1614475,66
1781090895.161449,2962
1781090895.1672623,2962
1781090895.1778445,66
1781090895.17787,2962
1781090895.184295,66
1781090895.1845436,66
1781090895.185167,2962
1781090895.195995,2962
1781090895.2031655,66
1781090895.2032342,66
1781090895.2071402,2962
1781090895.2124197,2962
1781090895.2240143,1514
1781090895.229912,2962
1781090895.2299743,66
1781090895.2299752,66
1781090895.229976,66
1781090895.2299771,2962
1781090895.2540724,2962
1781090895.2541451,2962
1781090895.2643287,66
1781090895.2643986,66
1781090895.2643995,66
1781090895.2644005,66
1781090895.2644029,66
1781090895.2644045,2962
1781090895.2747653,2962
1781090895.28368,2962
1781090895.2956526,2962
1781090895.2982738,66
1781090895.298992,66
1781090895.2989933,1514
1781090895.3042772,2962
1781090895.3086288,2962
1781090895.3217092,66
1781090895.321764,66
1781090895.3217654,66
1781090895.323879,2962
1781090895.324681,2962
1781090895.3395808,66
1781090895.342388,66
1781090895.3424768,2962
1781090895.342583,66
1781090895.353868,2962
1781090895.359619,66
1781090895.3596246,66
1781090895.361055,66
1781090895.361145,66
1781090895.3611472,2962
1781090895.3625782,2962
1781090895.3789616,1514
1781090895.3792424,66
1781090895.3795295,66
1781090895.3876193,2962
1781090895.3951075,2962
1781090895.405545,2962
1781090895.4093697,2962
1781090895.421744,2962
1781090895.4232917,66
1781090895.4235039,2962
1781090895.4377918,66
1781090895.4377873,2962
1781090895.4381468,2962
1781090895.455588,66
1781090895.45559,66
1781090895.4555852,2962
1781090895.4571652,2962
1781090895.473699,66
1781090895.4736984,66
1781090895.4737086,66
1781090895.4737093,66
1781090895.4737108,66
1781090895.4737115,66
1781090895.4737122,66
1781090895.4737132,2962
1781090895.4738972,66
1781090895.4739232,2962
1781090895.4908886,66
1781090895.490894,2962
1781090895.4912376,66
1781090895.5104854,2962
1781090895.5111666,1514
1781090895.5111692,2962
1781090895.5254571,2962
1781090895.5294309,66
1781090895.5294518,2962
1781090895.5433457,2962
1781090895.545401,66
1781090895.5461538,66
1781090895.5487792,2962
1781090895.5594594,2962
1781090895.563701,2962
1781090895.5772824,66
1781090895.5772853,66
1781090895.5772865,66
1781090895.577288,2962
1781090895.580539,66
1781090895.5805418,66
1781090895.5872436,74
1781090895.5950925,2962
1781090895.5951362,66
1781090895.598786,2962
1781090895.6086957,2962
1781090895.6120222,2962
1781090895.6248975,66
1781090895.6250277,2962
1781090895.6295822,66
1781090895.6295872,2962
1781090895.6426744,66
1781090895.6428354,2962
1781090895.6467214,66
1781090895.6467257,66
1781090895.646728,2962
1781090895.6623433,66
1781090895.6624672,2962
1781090895.664855,66
1781090895.664857,66
1781090895.6648586,2962
1781090895.676307,66
1781090895.6766438,2962
1781090895.6817846,2962
1781090895.6940272,66
1781090895.695552,2962
1781090895.6994877,2962
1781090895.7119937,66
1781090895.7152314,1514
1781090895.7178688,66
1781090895.7187316,2962
1781090895.721641,2962
1781090895.733109,66
1781090895.7331123,2962
1781090895.737296,66
1781090895.7375193,66
1781090895.7378805,2962
1781090895.7504854,2962
1781090895.7558422,66
1781090895.7559092,1514
1781090895.7637637,2962
1781090895.7680721,66
1781090895.7680745,66
1781090895.7680757,74
1781090895.769547,66
1781090895.7695482,2962
1781090895.7813191,66
1781090895.7859752,2962
1781090895.7945247,66
1781090895.794723,2962
1781090895.8032115,2962
1781090895.8032103,74
1781090895.8033009,2962
1781090895.8201313,2962
1781090895.8216994,66
1781090895.8217049,66
1781090895.821706,1514
1781090895.8299434,2962
1781090895.8380022,66
1781090895.8380132,2962
1781090895.8505197,2962
1781090895.854908,66
1781090895.8550155,2962
1781090895.8637853,2962
1781090895.872119,74
1781090895.872572,66
1781090895.8733938,66
1781090895.8808296,66
1781090895.8814738,66
1781090895.881475,66
1781090895.8832107,2962
1781090895.8921328,2962
1781090895.8989408,66
1781090895.9001613,2962
1781090895.9003732,2962
1781090895.9164402,66
1781090895.9167871,66
1781090895.917136,2962
1781090895.9194574,2962
1781090895.9345238,66
1781090895.9345195,66
1781090895.9345224,2962
1781090895.9359913,2962
1781090895.9517944,66
1781090895.951788,2962
1781090895.953401,66
1781090895.9534593,2962
1781090895.9696796,2962
1781090895.9696693,66
1781090895.9696703,66
1781090895.969671,1514
1781090895.9791567,1514
1781090895.986662,66
1781090895.9866583,2962
1781090895.9871852,66
1781090895.9872992,66
1781090895.9915967,66
1781090895.992094,66
1781090895.9920955,66
1781090895.992245,2962
1781090896.006978,66
1781090896.008003,2962
1781090896.0180514,2962
1781090896.0213053,2962
1781090896.028119,66
1781090896.028278,2962
1781090896.0400343,66
1781090896.0400379,2962
1781090896.045135,2962
1781090896.0554843,2962
1781090896.0613272,66
1781090896.0613894,2962
1781090896.0732713,66
1781090896.0732734,74
1781090896.0732746,66
1781090896.0741317,2962
1781090896.078296,66
1781090896.0786164,2962
1781090896.0913048,2962
1781090896.095972,66
1781090896.0960386,2962
1781090896.1087022,66
1781090896.1087053,2962
1781090896.113639,66
1781090896.1137,2962
1781090896.1252024,2962
1781090896.1304605,74
1781090896.1310441,66
1781090896.1312385,66
1781090896.1500902,66
1781090896.1500914,66
1781090896.1500924,66
1781090896.150094,2962
1781090896.1502473,2962
1781090896.1604993,66
1781090896.160446,66
1781090896.1605988,66
1781090896.1709056,2962
1781090896.17108,2962
1781090896.1811872,66
1781090896.1811988,1514
1781090896.1811852,2962
1781090896.191718,2962
1781090896.201881,66
1781090896.201932,66
1781090896.2019336,2962
1781090896.2226343,2962
1781090896.222716,66
1781090896.2227304,2962
1781090896.2331915,66
1781090896.2332625,66
1781090896.2332635,2962
1781090896.2332566,66
1781090896.2332644,66
1781090896.2332654,2962
1781090896.2536848,2962
1781090896.2537522,2962
1781090896.2744224,66
1781090896.2743154,66
1781090896.2743337,2962
1781090896.274457,66
1781090896.2744741,2962
1781090896.284594,66
1781090896.2845776,2962
1781090896.2846317,2962
1781090896.3053565,66
1781090896.3053558,66
1781090896.3053637,2962
1781090896.3054202,66
1781090896.3262835,66
1781090896.3262947,66
1781090896.3262956,66
1781090896.3262966,2962
1781090896.3263803,66
1781090896.3366668,66
1781090896.3368118,66
1781090896.3368132,2962
1781090896.3468318,2962
1781090896.3676014,2962
1781090896.3676004,2962
1781090896.3778415,66
1781090896.3778558,1514
1781090896.3778408,2962
1781090896.3991523,2962
1781090896.3991578,2962
1781090896.409311,66
1781090896.4093206,2962
1781090896.4196215,2962
1781090896.430113,66
1781090896.4301884,66
1781090896.4301891,66
1781090896.4301898,66
1781090896.4301908,2962
1781090896.4301796,66
1781090896.430192,66
1781090896.4301937,2962
1781090896.4507563,2962
1781090896.4508245,1514
1781090896.4613154,66
1781090896.4613693,2962
1781090896.461309,2962
1781090896.4714549,1514
1781090896.4818008,2962
1781090896.4818656,66
1781090896.481879,66
1781090896.4818802,2962
1781090896.5025642,66
1781090896.5026488,66
1781090896.5026503,66
1781090896.5026512,2962
1781090896.502633,66
1781090896.5026526,66
1781090896.5026538,66
1781090896.502655,2962
1781090896.5130796,2962
1781090896.523861,66
1781090896.5238907,2962
1781090896.5340996,66
1781090896.5341125,66
1781090896.5341134,66
1781090896.5341141,2962
1781090896.5341046,2962
1781090896.5548928,66
1781090896.5549054,2962
1781090896.5548954,2962
1781090896.5756357,2962
1781090896.5756416,1514
1781090896.5756533,2962
1781090896.586142,66
1781090896.5861754,66
1781090896.5861995,66
1781090896.5862837,66
1781090896.59703,66
1781090896.5970397,66
1781090896.597041,66
1781090896.5970418,66
1781090896.5970428,66
1781090896.5970438,2962
1781090896.5971892,66
1781090896.6069994,2962
1781090896.617389,66
1781090896.617424,2962
1781090896.6174018,2962
1781090896.629348,2962
1781090896.6379488,2962
1781090896.6486228,2962
1781090896.6493375,66
1781090896.659219,2962
1781090896.669531,66
1781090896.6695876,2962
1781090896.669547,2962
1781090896.6901116,66
1781090896.6901004,66
1781090896.6901593,66
1781090896.690137,66
1781090896.690138,66
1781090896.6901398,2962
1781090896.700184,66
1781090896.7001364,2962
1781090896.7005403,66
1781090896.7005763,1514
1781090896.7009573,2962
1781090896.7219505,2962
1781090896.7222505,66
1781090896.7421489,66
1781090896.742271,66
1781090896.7422726,52
1781090896.7422745,66
1781090896.7422764,66
1781090896.742279,122
1781090896.7422807,66
1781090896.7422829,1514
1781090896.7427363,66
1781090896.7447023,2962
1781090896.7530737,2962
1781090896.763204,2962
1781090896.7632937,66
1781090896.7634056,66
1781090896.7837467,2962
1781090896.7839544,1514
1781090896.7839568,2962
1781090896.8042235,66
1781090896.8042166,2962
1781090896.8042436,818
1781090896.8146145,66
1781090896.8146932,66
1781090896.814705,66
1781090896.8147058,66
1781090896.8147066,66
1781090896.8147075,2962
1781090896.8147733,2962
1781090896.8250794,2962
1781090896.8356447,2962
1781090896.8464375,66
1781090896.8465748,2962
1781090896.8565004,2962
1781090896.867208,2962
1781090896.8673801,66
1781090896.8674068,66
1781090896.8674085,66
1781090896.8674102,66
1781090896.8674119,2962
1781090896.8776677,66
1781090896.8776863,66
1781090896.8776891,2962
1781090896.9015148,66
1781090896.9015176,66
1781090896.901501,66
1781090896.9015036,66
1781090896.901507,2962
1781090896.90215,2962
1781090896.9109886,2962
1781090896.9120123,66
1781090896.912016,66
1781090896.9301326,66
1781090896.9313908,66
1781090896.9313955,1514
1781090896.9325554,2962
1781090896.9399147,2962
1781090896.9418883,2962
1781090896.9563699,2962
1781090896.9604986,66
1781090896.9605186,66
1781090896.9697158,1514
1781090896.9697306,2962
1781090896.971819,2962
1781090896.9918149,2962
1781090896.991823,2962
1781090897.012383,66
1781090897.0125577,66
1781090897.0125117,66
1781090897.0125618,66
1781090897.0125637,2962
1781090897.013559,66
1781090897.013584,2962
1781090897.0236924,2962
1781090897.0237007,66
1781090897.0237095,66
1781090897.0237114,66
1781090897.0241787,66
1781090897.0241804,1514
1781090897.033554,2962
1781090897.0396636,66
1781090897.039668,66
1781090897.040028,66
1781090897.0531716,2962
1781090897.0533,66
1781090897.0617042,2962
1781090897.067834,66
1781090897.0678415,2962
1781090897.0702615,66
1781090897.0702667,2962
1781090897.0946243,66
1781090897.0946393,66
1781090897.0946414,2962
1781090897.0947075,1514
1781090897.1050453,2962
1781090897.105118,2962
1781090897.115579,66
1781090897.1156673,66
1781090897.1173532,2962
1781090897.1363733,66
1781090897.1363933,2962
1781090897.1364484,66
1781090897.1375425,2962
1781090897.1470606,66
1781090897.147763,2962
1781090897.157273,66
1781090897.178933,2962
1781090897.1790588,66
1781090897.1790986,2962
1781090897.1884432,2962
1781090897.1883662,2962
1781090897.2099507,66
1781090897.209944,2962
1781090897.2100875,66
1781090897.2101493,2962
1781090897.2217658,66
1781090897.221767,66
1781090897.2217689,2962
1781090897.222836,2962
1781090897.2413337,66
1781090897.2414534,2962
1781090897.2413251,66
1781090897.241451,2962
1781090897.2619848,66
1781090897.261977,66
1781090897.2620568,66
1781090897.2620604,2962
1781090897.262447,2962
1781090897.2746065,66
1781090897.2746031,2962
1781090897.274764,66
1781090897.2922776,66
1781090897.2922919,66
1781090897.2922945,1514
1781090897.2923899,2962
1781090897.3021894,2962
1781090897.3021698,2962
1781090897.3228054,66
1781090897.3228028,2962
1781090897.3229005,66
1781090897.3332806,2962
1781090897.343125,2962
1781090897.343164,2962
1781090897.3537495,66
1781090897.3537636,66
1781090897.353765,2962
1781090897.363833,66
1781090897.3640926,66
1781090897.3648274,2962
1781090897.3743913,66
1781090897.3744047,2962
1781090897.3843272,2962
1781090897.3945444,66
1781090897.394542,2962
1781090897.3945892,66
1781090897.4154668,66
1781090897.415486,66
1781090897.4154878,2962
1781090897.4156313,1514
1781090897.415633,2962
1781090897.425688,66
1781090897.425701,2962
1781090897.4361963,66
1781090897.4363606,2962
1781090897.44619,1514
1781090897.4667914,66
1781090897.4668608,66
1781090897.4668624,2962
1781090897.4668663,2962
1781090897.4771647,2962
1781090897.4771633,2962
1781090897.5029159,66
1781090897.503051,66
1781090897.5029125,66
1781090897.5030472,66
1781090897.5030487,66
1781090897.50305,2962
1781090897.5033603,2962
1781090897.5118914,2962
1781090897.518152,2962
1781090897.528924,66
1781090897.529322,66
1781090897.529258,66
1781090897.5388947,66
1781090897.5388982,2962
1781090897.5389645,2962
1781090897.549319,2962
1781090897.5493839,66
1781090897.549385,2962
1781090897.5707355,66
1781090897.5707386,66
1781090897.5698762,2962
1781090897.5723736,66
1781090897.5803986,2962
1781090897.5908062,66
1781090897.5908113,66
1781090897.5908136,2962
1781090897.5908453,2962
1781090897.600906,66
1781090897.600907,2962
1781090897.6115909,66
1781090897.611738,2962
1781090897.6328754,66
1781090897.6328623,2962
1781090897.6329615,66
1781090897.6329985,2962
1781090897.6431773,2962
1781090897.6433022,66
1781090897.6433587,2962
1781090897.6737092,66
1781090897.6737123,2962
1781090897.6738017,1514
1781090897.673803,2962
1781090897.6945348,66
1781090897.6945596,66
1781090897.694562,66
1781090897.6945636,1514
1781090897.695147,2962
1781090897.6974177,66
1781090897.7056062,2962
1781090897.7152288,2962
1781090897.7153203,66
1781090897.7153637,2962
1781090897.7358804,66
1781090897.7358768,66
1781090897.7359688,2962
1781090897.7361128,66
1781090897.7565887,2962
1781090897.7567425,66
1781090897.7567928,2962
1781090897.7672462,2962
1781090897.7673693,66
1781090897.7680695,2962
1781090897.788089,66
1781090897.7880902,66
1781090897.7880917,2962
1781090897.790763,66
1781090897.8090072,66
1781090897.809025,2962
1781090897.8200486,66
1781090897.8204749,2962
1781090897.8200781,2962
1781090897.8299093,66
1781090897.8401325,2962
1781090897.8400903,66
1781090897.8401172,66
1781090897.840123,2962
1781090897.850678,2962
1781090897.853086,2962
1781090897.8713815,2266
1781090897.871651,66
1781090897.8716674,66
1781090897.8716683,2962
1781090897.881909,66
1781090897.88198,66
1781090897.8819811,66
1781090897.8819818,1514
1781090897.893288,2962
1781090897.893283,1514
1781090897.8973274,2962
1781090897.9136753,66
1781090897.9138794,2962
1781090897.9138231,2962
1781090897.9233797,66
1781090897.9344363,2962
1781090897.934586,66
1781090897.955043,66
1781090897.955075,66
1781090897.9550765,66
1781090897.9550781,2962
1781090897.962102,2962
1781090897.9658496,66
1781090897.965868,66
1781090897.9666762,66
1781090897.9666853,2962
1781090897.9769514,66
1781090897.9773338,2962
1781090897.9865932,2962
1781090897.9970553,66
1781090897.998003,66
1781090898.0008945,2962
1781090898.0088367,66
1781090898.01848,2962
1781090898.0183752,1514
1781090898.0283945,70
1781090898.0285363,66
1781090898.0285814,2962
1781090898.0300035,2962
1781090898.0491946,66
1781090898.0491912,2962
1781090898.0602884,66
1781090898.0614672,66
1781090898.0614746,66
1781090898.0614758,66
1781090898.0619738,2962
1781090898.063185,2962
1781090898.0818017,66
1781090898.0814729,2962
1781090898.0819342,66
1781090898.0910838,2962
1781090898.1015694,2962
1781090898.102745,2962
1781090898.122769,66
1781090898.122761,2962
1781090898.1231358,66
1781090898.1328468,2962
1781090898.143399,2962
1781090898.1538413,66
1781090898.1538608,66
1781090898.1538627,2962
1781090898.153923,66
1781090898.155792,2962
1781090898.1750178,66
1781090898.1750107,66
1781090898.1750555,66
1781090898.1750367,2962
1781090898.185619,2962
1781090898.196381,2962
1781090898.2012281,66
1781090898.201255,66
1781090898.201258,2962
1781090898.2065668,66
1781090898.2099695,2962
1781090898.2194955,2962
1781090898.2272367,66
1781090898.2276375,66
1781090898.236999,66
1781090898.2370224,2962
1781090898.2583067,66
1781090898.258435,2962
1781090898.2583377,2962
1781090898.2681499,66
1781090898.2685225,66
1781090898.2714002,2962
1781090898.2824428,2962
1781090898.289959,66
1781090898.2899656,1514
1781090898.2999809,66
1781090898.3000023,2962
1781090898.3092368,66
1781090898.3092875,2962
1781090898.314198,66
1781090898.314202,2962
1781090898.3223646,2962
1781090898.330685,2962
1781090898.3353605,66
1781090898.3454194,66
1781090898.3479874,2962
1781090898.3479538,66
1781090898.3479729,2962
1781090898.3723464,66
1781090898.3723686,2962
1781090898.3724668,66
1781090898.37422,2962
1781090898.384086,1514
1781090898.3928616,66
1781090898.3928282,2962
1781090898.3991354,66
1781090898.4010038,2962
1781090898.4081256,66
1781090898.4087098,66
1781090898.40872,2962
1781090898.434247,2962
1781090898.434344,66
1781090898.434347,2962
1781090898.4430158,2962
1781090898.4429967,2962
1781090898.465091,66
1781090898.4651148,66
1781090898.4651158,66
1781090898.4650965,66
1781090898.4651172,2962
1781090898.4856722,66
1781090898.4856899,2962
1781090898.4872634,1514
1781090898.4892936,66
1781090898.4945288,2962
1781090898.4961793,2962
1781090898.5072222,2962
1781090898.5137458,66
1781090898.5137556,2962
1781090898.5275657,66
1781090898.5298438,66
1781090898.5298457,66
1781090898.5303423,2962
1781090898.5344822,66
1781090898.534488,2962
1781090898.5448334,66
1781090898.547649,2962
1781090898.558459,66
1781090898.5692532,2962
1781090898.5692253,2962
1781090898.5773609,66
1781090898.5812883,66
1781090898.5821474,66
1781090898.5821567,2962
1781090898.5865333,66
1781090898.6000092,2962
1781090898.5999763,2962
1781090898.6084516,2962
1781090898.6162453,2962
1781090898.6254294,66
1781090898.6325753,66
1781090898.6332092,66
1781090898.633152,66
1781090898.6339653,2962
1781090898.6507897,2962
1781090898.6507735,1514
1781090898.6591885,66
1781090898.6591916,2962
1781090898.6595163,2962
1781090898.6763403,66
1781090898.6763394,66
1781090898.676398,2962
1781090898.7028608,2962
1781090898.7029672,66
1781090898.7059011,2962
1781090898.712927,66
1781090898.7129378,1514
1781090898.7234755,2962
1781090898.7234268,66
1781090898.7234285,2962
1781090898.7340565,66
1781090898.7340586,2962
1781090898.7445688,2962
1781090898.754868,66
1781090898.754996,66
1781090898.755008,52
1781090898.7550097,2962
1781090898.7655408,66
1781090898.7656968,66
1781090898.775698,2962
1781090898.7756877,66
1781090898.7756903,2962
1781090899.5038822,2962
1781090899.5037923,2962
1781090899.5147977,66
1781090899.5148215,66
1781090899.514824,2962
1781090899.5158887,66
1781090899.5256608,2962
1781090899.5357583,66
1781090899.535753,2962
1781090899.5541801,2962
1781090899.5547225,66
1781090899.554772,2962
1781090899.5672555,2962
1781090899.5671852,2962
1781090899.5794353,2962
1781090899.5877287,66
1781090899.587744,66
1781090899.5877454,2962
1781090899.5979197,66
1781090899.5979846,2962
1781090899.7921534,66
1781090899.7921731,2962
1781090899.7920814,1514
1781090899.7921705,66
1781090899.7921715,2962
1781090899.8033662,66
1781090899.8034914,66
1781090899.8034928,2962
1781090900.5054536,2962
1781090900.5054166,66
1781090900.5054433,66
1781090900.5057988,66
1781090900.505801,2962
1781090900.5137353,2962
1781090900.5147188,2962
1781090900.5311873,66
1781090900.531553,66
1781090900.531555,78
1781090900.5315497,2962
1781090900.533533,1514
1781090900.5409193,2962
1781090900.5485024,2962
1781090900.5600877,2962
1781090900.5667717,70
1781090900.566776,66
1781090900.5667782,66
1781090900.566781,1570
1781090900.5753822,66
1781090900.5754254,66
1781090900.5754278,1514
1781090900.5765378,2962
1781090900.584619,2962
1781090900.5935352,66
1781090900.5935388,66
1781090900.5935416,2962
1781090900.603586,66
1781090900.6036308,2962
1781090900.6136878,66
1781090900.6137955,2962
1781090900.6186063,2962
1781090900.6289756,78
1781090900.628978,66
1781090900.62898,66
1781090900.630301,1514
1781090900.6359992,66
1781090900.6360104,66
1781090900.6360123,2962
1781090900.6383257,2962
1781090900.653999,66
1781090900.6540024,66
1781090900.654004,66
1781090900.6552823,66
1781090900.655285,2962
1781090900.6552875,66
1781090900.655289,66
1781090900.6561685,2962
1781090900.6716325,2962
1781090900.6729953,2962
1781090900.688918,66
1781090900.6889265,66
1781090900.689609,66
1781090900.690235,2962
1781090900.6945448,2962
1781090900.7069552,66
1781090900.7072577,2962
1781090900.7077389,1514
1781090900.7156916,66
1781090900.7156968,2962
1781090900.7246304,66
1781090900.7246354,66
1781090900.7251997,2962
1781090900.733007,2962
1781090900.7422452,66
1781090900.7424717,66
1781090900.7428432,2962
1781090900.7500117,2962
1781090901.502356,66
1781090901.5027995,66
1781090901.5028014,66
1781090901.5028026,66
1781090901.5023515,66
1781090901.5027971,2962
1781090901.5031192,66
1781090901.5053551,66
1781090902.5074604,2962
1781090902.5071373,2962
1781090902.5193007,2962
1781090902.5192993,66
1781090902.5193243,2962
1781090902.5327985,66
1781090902.5328114,66
1781090902.5344918,2962
1781090902.5344996,2962
1781090902.550465,2962
1781090902.5504737,2962
1781090902.567431,66
1781090902.5675485,66
1781090902.5675383,52
1781090902.5675516,66
1781090902.567747,66
1781090902.569339,66
1781090902.5693557,1514
1781090902.5731475,66
1781090902.5761824,2962
1781090902.5775404,2962
1781090902.5854287,2962
1781090902.5943904,2962
1781090902.6023402,2962
1781090902.6132216,66
1781090902.6132429,66
1781090902.6132443,66
1781090902.6132457,2962
1781090902.6197004,66
1781090902.6197076,2962
1781090902.6318989,2962
1781090902.6426032,66
1781090902.642612,66
1781090902.642617,2962
1781090902.6466134,2962
1781090902.6551967,2962
1781090902.66428,66
1781090902.6643507,66
1781090902.6643527,2962
1781090902.67182,54
1781090902.6725636,66
1781090902.6725686,66
1781090902.6727188,66
1781090902.6731064,2962
1781090902.6851306,2962
1781090902.690548,2962
1781090902.6985674,66
1781090902.699215,66
1781090902.699217,66
1781090902.6999094,2962
1781090902.7129388,66
1781090902.712968,66
1781090902.713026,2962
1781090902.7166848,66
1781090902.7169456,2962
1781090902.726314,2962
1781090902.7339554,66
1781090902.7344127,66
1781090902.7348008,2962
1781090902.742559,66
1781090902.745613,66
1781090902.750575,2962
1781090902.7518756,2962
1781090902.7606742,2962
1781090902.768851,2962
1781090902.7768683,66
1781090902.7782125,66
1781090902.7864,2962
1781090902.786301,66
1781090902.7863386,2962
1781090902.7958426,66
1781090902.7958486,2962
1781090902.8033423,1514
1781090902.8117733,2962
1781090902.8121905,2962
1781090902.8302631,66
1781090902.830331,66
1781090902.8303323,66
1781090902.8302615,66
1781090902.8303282,66
1781090902.83033,2962
1781090902.841593,2962
1781090902.8467,66
1781090902.847698,2962
1781090902.8519754,66
1781090902.8641095,66
1781090902.8648326,66
1781090902.8648357,2962
1781090902.8673425,2962
1781090902.876248,66
1781090902.8828177,2962
1781090902.885245,2962
1781090902.8940685,2962
1781090902.8992436,66
1781090902.8993106,2962
1781090902.9109063,66
1781090902.9109764,66
1781090902.9119883,66
1781090902.9170086,2962
1781090902.9255047,2962
1781090902.9334157,66
1781090902.9337153,2962
1781090902.945793,66
1781090902.9513822,2962
1781090902.9514654,2962
1781090902.9656887,2962
1781090902.9691753,66
1781090902.9692876,66
1781090902.96929,2962
1781090902.9770358,2962
1781090902.9856951,66
1781090902.986142,66
1781090902.98668,2962
1781090902.994369,66
1781090902.9943967,66
1781090902.9943986,2962
1781090903.0040793,66
1781090903.0040805,1514
1781090903.0115814,66
1781090903.0125577,2962
1781090903.0175433,66
1781090903.0249166,66
1781090903.0251937,2962
1781090903.0299246,66
1781090903.0299287,2962
1781090903.0383549,66
1781090903.038367,2962
1781090903.0470552,2962
1781090903.0508869,2962
1781090903.0641727,2962
1781090903.069431,2962
1781090903.0809033,66
1781090903.0816076,66
1781090903.0816092,2962
1781090903.0871444,66
1781090903.0872142,66
1781090903.0872161,66
1781090903.091239,2962
1781090903.0999103,66
1781090903.0999293,2962
1781090903.1046002,66
1781090903.1164343,66
1781090903.1164968,2962
1781090903.1195226,2962
1781090903.1281655,66
1781090903.1365478,2962
1781090903.1438608,66
1781090903.1472867,1514
1781090903.1472907,2962
1781090903.1511564,2962
1781090903.1645114,66
1781090903.1645703,2962
1781090903.1675975,66
1781090903.168155,66
1781090903.1686783,66
1781090903.1691523,2962
1781090903.182071,66
1781090903.1820858,2962
1781090903.1864235,66
1781090903.18643,2962
1781090903.199059,66
1781090903.1991725,2962
1781090903.2043934,2962
1781090903.2254288,66
1781090903.2255886,2962
1781090903.2255778,1514
1781090903.2295668,2962
1781090903.2361374,66
1781090903.2361612,66
1781090903.2361631,66
1781090903.2460272,66
1781090903.2460585,2962
1781090903.2465591,66
1781090903.2465613,2962
1781090903.2556965,2962
1781090903.2641969,2962
1781090903.2715492,66
1781090903.2716138,66
1781090903.273684,2962
1781090903.2807353,66
1781090903.282718,66
1781090903.2827272,66
1781090903.2827294,2962
1781090903.2897117,66
1781090903.2897258,2962
1781090903.2994463,2962
1781090903.306756,66
1781090903.3167348,66
1781090903.3167872,66
1781090903.316789,2962
1781090903.316925,2962
1781090903.3251224,66
1781090903.3340786,2962
1781090903.3341177,66
1781090903.3433702,2962
1781090903.3509767,2962
1781090903.3516436,66
1781090903.3681269,66
1781090903.3681304,2962
1781090903.368243,2962
1781090903.376989,66
1781090903.38219,2962
1781090903.3852696,66
1781090903.3860948,66
1781090903.3860986,2962
1781090903.3939908,1514
1781090903.4030056,2962
1781090903.4032512,2962
1781090903.4193807,2962
1781090903.420352,66
1781090903.421462,2962
1781090903.43707,66
1781090903.437116,66
1781090903.4371202,2962
1781090903.442041,66
1781090903.4441748,2962
1781090903.4542654,66
1781090903.4548216,66
1781090903.455612,66
1781090903.4556139,66
1781090903.4559984,2962
1781090903.4562047,2962
1781090903.472319,66
1781090903.4732878,66
1781090903.47329,1514
1781090903.48251,2962
1781090903.4827363,66
1781090903.5003114,2962
1781090903.5005624,66
1781090903.5096042,2962
1781090903.5159678,66
1781090903.5163434,2962
1781090903.520118,2962
1781090903.5332377,2962
1781090903.5352755,2962
1781090903.5506096,2962
1781090903.5521207,66
1781090903.5521855,66
1781090903.5531125,66
1781090903.567512,66
1781090903.567846,66
1781090903.5679147,2962
1781090903.568219,2962
1781090903.576481,2962
1781090903.5853405,66
1781090903.5863676,52
1781090903.5863724,2962
1781090903.5936413,74
1781090903.5936573,66
1781090903.5941632,2962
1781090903.604479,66
1781090903.6044924,2962
1781090903.6109748,66
1781090903.6209104,2962
1781090903.6215067,66
1781090903.6252344,2962
1781090903.633524,1514
1781090903.637548,74
1781090903.6401918,66
1781090903.6402783,66
1781090903.6402795,2962
1781090903.643122,2266
1781090903.6560333,66
1781090903.6581223,66
1781090903.6581728,2962
1781090903.665818,66
1781090903.667256,74
1781090903.674981,66
1781090903.6749823,2962
1781090903.6804113,2962
1781090903.6889231,66
1781090903.690416,66
1781090903.691035,66
1781090903.6910408,1514
1781090903.700582,2962
1781090903.710981,2962
1781090903.7167807,74
1781090903.7174087,66
1781090903.7174096,1514
1781090903.7192326,66
1781090903.719598,66
1781090903.7261841,1514
1781090903.731446,66
1781090903.731452,66
1781090903.7349668,66
1781090903.7349718,2962
1781090903.7449636,2962
1781090903.7520432,66
1781090903.7535708,66
1781090903.7536833,66
1781090903.7535572,66
1781090903.753562,2962
1781090903.7540092,66
1781090903.7543666,2962
1781090903.7707,66
1781090903.770704,66
1781090903.770706,2962
1781090903.7713022,2962
1781090903.7881489,2962
1781090903.7883372,2962
1781090903.8048952,66
1781090903.8049452,66
1781090903.8061159,2962
1781090903.8061128,66
1781090903.8061142,2962
1781090903.8225448,66
1781090903.8231556,66
1781090903.8232043,66
1781090903.8231537,2962
1781090903.8244839,2962
1781090903.8407393,66
1781090903.8407335,66
1781090903.8407369,2962
1781090903.8408868,2962
1781090903.8574715,66
1781090903.8577127,66
1781090903.858051,66
1781090903.8580496,2962
1781090903.8585205,66
1781090903.8593514,2962
1781090903.8753183,66
1781090903.8753207,2962
1781090903.876125,66
1781090903.8761282,2962
1781090903.898122,2962
1781090903.8981192,2962
1781090903.9095778,2962
1781090903.910534,66
1781090903.9106586,66
1781090903.9111283,2962
1781090903.927005,2962
1781090903.9282534,66
1781090903.929281,66
1781090903.929289,66
1781090903.9292908,2962
1781090903.9500835,2962
1781090903.9500768,66
1781090903.9501176,66
1781090903.9501188,2962
1781090903.9617167,66
1781090903.96172,2962
1781090903.9635303,66
1781090903.9640112,2962
1781090903.9814484,2962
1781090903.9814448,66
1781090903.9816685,66
1781090903.9816694,2962
1781090903.9973679,66
1781090903.9973717,2962
1781090903.9983823,2962
1781090904.0150476,66
1781090904.015005,2962
1781090904.0156515,66
1781090904.015653,66
1781090904.0171156,2962
1781090904.033206,2962
1781090904.0332003,66
1781090904.0332193,66
1781090904.0332203,66
1781090904.0332217,1514
1781090904.0411203,2962
1781090904.050116,66
1781090904.0510309,66
1781090904.0510378,2962
1781090904.0647466,2962
1781090904.06843,66
1781090904.068442,66
1781090904.0688248,1514
1781090904.0849507,2962
1781090904.0849464,2962
1781090904.095157,66
1781090904.095152,2962
1781090904.1055517,66
1781090904.5021842,2962
1781090904.5015163,66
1781090904.5020647,66
1781090904.502066,2962
1781090904.511817,66
1781090904.5118673,2962
1781090904.5118134,66
1781090904.5118654,66
1781090904.5118663,2962
1781090904.5322185,2962
1781090904.5322883,2962
1781090904.5451324,66
1781090904.545137,2962
1781090904.5455792,66
1781090904.545977,2962
1781090904.5636535,2962
1781090904.5636675,66
1781090904.563681,66
1781090904.5636826,2962
1781090904.584393,66
1781090904.5847626,66
1781090904.584768,2962
1781090904.584402,66
1781090904.5847712,66
1781090904.5847726,74
1781090904.5847747,2962
1781090904.6053672,66
1781090904.6054647,66
1781090904.605466,2962
1781090904.6054497,66
1781090904.6054695,2962
1781090904.615858,66
1781090904.6159296,2962
1781090904.616359,2962
1781090904.6370232,2962
1781090904.6370876,2962
1781090904.6581023,2962
1781090904.6581867,66
1781090904.6581998,66
1781090904.6582005,1514
1781090904.6607041,2962
1781090904.6668572,66
1781090904.6668665,74
1781090904.6678703,66
1781090904.6678736,66
1781090904.6678753,2962
1781090904.6769788,2962
1781090904.6898744,66
1781090904.68988,2962
1781090904.694382,66
1781090904.694384,66
1781090904.6958256,66
1781090904.695963,2962
1781090904.703094,1514
1781090904.7215443,2962
1781090904.7216911,2962
1781090904.7307029,66
1781090904.7308335,66
1781090904.7308357,66
1781090904.7308373,1514
1781090904.7308226,66
1781090904.7308412,66
1781090904.7308433,2962
1781090904.7401123,2962
1781090904.7528741,66
1781090904.7532275,2962
1781090904.75729,2962
1781090904.7656608,2962
1781090904.7738326,2962
1781090904.7842689,66
1781090904.7842846,66
1781090904.7842863,2962
1781090904.790947,66
1781090904.7909527,66
1781090904.7921627,66
1781090904.795203,66
1781090904.80519,2962
1781090904.8086817,2962
1781090904.8168225,2962
1781090904.8168187,2962
1781090904.837242,66
1781090904.8372772,66
1781090904.83724,66
1781090904.837353,66
1781090904.8372743,66
1781090904.8372757,2962
1781090904.8373916,66
1781090904.8487754,66
1781090904.8518767,66
1781090904.8519776,66
1781090904.8526702,66
1781090904.8528135,2962
1781090904.8532495,1514
1781090904.861828,2962
1781090904.8618317,2962
1781090904.8786101,2962
1781090904.878614,66
1781090904.8790798,2962
1781090904.8955367,66
1781090904.895545,66
1781090904.8960588,66
1781090904.8960564,2962
1781090904.896593,2962
1781090904.914131,66
1781090904.914142,2962
1781090904.9141285,2962
1781090904.9309218,66
1781090904.9308152,66
1781090904.9308176,66
1781090904.93082,66
1781090904.9310405,2962
1781090904.9412932,2962
1781090904.9491267,2962
1781090904.9496005,2962
1781090904.972618,66
1781090904.972872,66
1781090904.9726233,66
1781090904.9728737,66
1781090904.9728749,2962
1781090904.9733021,1514
1781090904.9753873,2962
1781090904.984812,2962
1781090904.9939644,2962
1781090905.0024204,66
1781090905.00243,66
1781090905.0024333,2962
1781090905.0146744,66
1781090905.0146935,66
1781090905.0254798,2962
1781090905.0255277,66
1781090905.025614,2962
1781090905.0357158,66
1781090905.0364983,66
1781090905.0365002,2962
1781090905.0564897,66
1781090905.0565097,66
1781090905.0565124,2962
1781090905.0630908,2962
1781090905.0717335,66
1781090905.0718403,66
1781090905.0718455,1514
1781090905.0766397,2962
1781090905.0872548,66
1781090905.0872738,2962
1781090905.0892117,2962
1781090905.099114,66
1781090905.0991166,2962
1781090905.1057568,2962
1781090905.1183064,2962
1781090905.1230717,66
1781090905.1230762,66
1781090905.1240087,66
1781090905.1240208,66
1781090905.1302793,2962
1781090905.3150988,66
1781090905.3151007,66
1781090905.3154109,2962
1781090905.3162394,1514
1781090905.3273017,2962
1781090905.3328528,2962
1781090905.341562,66
1781090905.3415773,2962
1781090905.3495328,66
1781090905.3504066,66
1781090905.3504097,66
1781090905.355756,2962
1781090905.4111347,66
1781090905.4111385,2266
1781090905.4217322,66
1781090905.4217556,66
1781090905.4218192,66
1781090905.4218268,66
1781090905.4246566,66
1781090905.424668,66
1781090905.4246707,66
1781090905.424906,2962
1781090905.58497,2962
1781090905.5850737,2962
1781090905.5993814,2962
1781090905.6085908,2962
1781090905.6155758,66
1781090905.6193776,66
1781090905.6193812,66
1781090905.619383,66
1781090905.6193848,2962
1781090906.50165,66
1781090906.5024269,2962
1781090906.5623567,66
1781090906.5644333,66
1781090906.5644374,2962
1781090906.5722687,78
1781090906.5723174,1514
1781090906.5723295,2962
1781090906.5816712,66
1781090906.5816736,1514
1781090906.6342936,66
1781090906.6345985,2962
1781090906.6768968,2962
1781090906.689157,2962
1781090906.6935558,66
1781090906.6944094,66
1781090906.6987395,66
1781090906.6987453,2962
1781090906.7183263,66
1781090906.7274652,66
1781090906.7324104,2962
1781090906.7454886,66
1781090906.7456737,66
1781090906.7457032,2962
1781090906.7600324,2962
1781090906.7673745,2962
1781090906.7743921,66
1781090906.7756853,66
1781090906.775737,2962
1781090906.8243983,2962
1781090906.830004,2962
1781090906.8338876,66
1781090906.8386157,2962
1781090906.8515282,66
1781090906.855541,2962
1781090906.8639545,2962
1781090906.872422,66
1781090906.873453,66
1781090906.8734694,2962
1781090906.873478,66
1781090906.8819084,2962
1781090906.893315,66
1781090906.8933215,66
1781090906.893324,2962
1781090906.8936818,66
1781090906.893684,2962
1781090906.9075344,66
1781090906.9082172,66
1781090906.9082685,2962
1781090906.9141488,2962
1781090906.9561102,2962
1781090906.9593751,2962
1781090907.509849,2962
1781090907.5085905,2962
1781090907.5191755,66
1781090907.5191762,66
1781090907.5191696,66
1781090907.5191705,66
1781090907.5191717,2962
1781090907.5295475,66
1781090907.5346758,2962
1781090907.5400052,2962
1781090907.5500581,2962
1781090907.552135,66
1781090907.5521374,2962
1781090907.5654767,2962
1781090907.569688,66
1781090907.5696988,2962
1781090907.5822456,66
1781090907.5837765,66
1781090907.5837953,66
1781090907.583798,2962
1781090907.586799,2962
1781090907.6023653,66
1781090907.6039076,66
1781090907.6039088,2962
1781090907.610109,2962
1781090907.62131,66
1781090907.6213157,1514
1781090907.6231766,2962
1781090907.6301901,2962
1781090907.635998,66
1781090907.6363592,66
1781090907.6364546,2962
1781090907.6468995,2962
1781090907.6540213,2962
1781090907.6643317,66
1781090907.6643412,66
1781090907.664844,2962
1781090907.6704783,66
1781090907.6704838,66
1781090907.6713276,66
1781090907.671334,2962
1781090907.6821232,66
1781090907.682125,2962
1781090907.688705,66
1781090907.6994617,66
1781090907.6994674,66
1781090907.7058,2962
1781090907.7058437,2962
1781090907.7141948,2962
1781090907.7172875,2962
1781090907.8106022,66
1781090907.8106031,2962
1781090907.810657,66
1781090907.8106675,2962
1781090907.8194425,66
1781090907.8194437,66
1781090907.8194396,66
1781090907.8194408,66
1781090907.8202024,66
1781090907.820201,2962
1781090907.8309762,66
1781090907.8309793,2962
1781090907.8372664,2962
1781090907.840372,2962
1781090907.854426,2962
1781090907.8568387,2962
1781090907.8722258,66
1781090907.8722339,2962
1781090907.8742476,66
1781090907.8742485,66
1781090907.8843322,66
1781090907.889332,66
1781090907.8893392,2962
1781090907.9044735,2962
1781090907.9069264,66
1781090907.9069288,66
1781090907.9069307,2962
1781090907.9130363,2962
1781090907.9239042,2962
1781090907.9352005,2962
1781090907.9409935,2962
1781090907.9468722,66
1781090907.947628,66
1781090907.947634,2962
1781090907.9582047,66
1781090907.9582057,66
1781090907.9588761,2962
1781090907.9648337,66
1781090907.9648368,66
1781090907.9759188,2962
1781090907.9759655,2962
1781090907.987514,2962
1781090907.9928477,66
1781090907.9933176,66
1781090907.993319,2962
1781090908.0011847,2962
1781090908.018389,66
1781090908.0185053,66
1781090908.0183828,66
1781090908.0184586,1514
1781090908.0191069,66
1781090908.020287,2962
1781090908.0202856,2962
1781090908.0379963,2962
1781090908.0379932,66
1781090908.0379949,2962
1781090908.0535102,66
1781090908.0539572,66
1781090908.0539737,2962
1781090908.0609283,66
1781090908.0609345,1514
1781090908.07054,2962
1781090908.0714672,66
1781090908.071473,2962
1781090908.0808208,66
1781090908.0914986,2962
1781090908.0921235,66
1781090908.093174,2962
1781090908.101819,2962
1781090908.105611,66
1781090908.1056132,66
1781090908.1070216,2962
1781090908.1186938,66
1781090908.123244,2962
1781090908.123134,66
1781090908.1334102,2962
1781090908.1362684,66
1781090908.1437213,66
1781090908.143724,66
1781090908.1437252,2962
1781090908.1437876,66
1781090908.143967,2962
1781090908.1601164,66
1781090908.1608384,2962
1781090908.1604462,2962
1781090908.175281,66
1781090908.1752915,66
1781090908.1752956,2962
1781090908.177024,66
1781090908.177589,2962
1781090908.189039,2962
1781090908.1964452,2962
1781090908.5040705,66
1781090908.5040808,2962
1781090909.5139575,66
1781090909.5139747,2962
1781090909.507944,66
1781090909.5138233,66
1781090909.513826,2962
1781090910.4942966,66
1781090910.4991746,70
1781090910.4993057,2962
1781090910.4942951,66
1781090910.4991722,2962
1781090910.5082304,2962
1781090910.5082285,66
1781090910.509213,2962
1781090910.5251334,66
1781090910.5251477,66
1781090910.525132,66
1781090910.5251462,1514
1781090910.5258229,2962
1781090910.537456,2962
1781090910.5426714,2962
1781090910.5512378,52
1781090910.5512502,66
1781090910.551252,1514
1781090910.559842,2962
1781090910.5599182,66
1781090910.5616028,66
1781090910.5616276,2962
1781090911.4952714,66
1781090911.4964273,2962
1781090911.4952755,1514
1781090911.4964294,2962
1781090911.512315,78
1781090911.5124311,78
1781090911.5124328,66
1781090911.512328,66
1781090911.5124362,66
1781090911.5128253,66
1781090911.513355,66
1781090911.5128303,2962
1781090911.5227609,66
1781090911.5259101,2962
1781090911.5301137,2962
1781090911.534307,2962
1781090911.5472233,2962
1781090911.5510914,2962
1781090911.5644867,66
1781090911.564541,66
1781090911.5645423,2962
1781090911.5685995,66
1781090911.5686567,66
1781090911.569638,66
1781090911.569653,2962
1781090911.5817742,66
1781090911.5826373,66
1781090911.5826433,2962
1781090911.5957372,2962
1781090911.599433,2962
1781090911.6056151,66
1781090911.6056697,2962
1781090911.6170828,2962
1781090911.6217828,66
1781090911.6218452,66
1781090911.6234887,2962
1781090911.6337261,52
1781090911.6340554,66
1781090911.6344886,74
1781090911.635777,66
1781090911.6357796,2962
1781090911.6391633,2962
1781090911.6521108,66
1781090911.652389,1514
1781090911.6578112,66
1781090911.6579154,2962
1781090911.6618059,2962
1781090911.673785,2962
1781090911.6782637,2962
1781090911.6989036,66
1781090911.6989288,74
1781090911.6989298,66
1781090911.6989307,66
1781090911.698912,66
1781090911.6989324,2962
1781090911.6999173,66
1781090911.7101257,2962
1781090911.7132156,66
1781090911.7132347,2962
1781090911.7302954,66
1781090911.730261,2962
1781090911.730335,2962
1781090911.7404056,2962
1781090911.7471545,66
1781090911.7525833,66
1781090911.7534802,66
1781090911.7534819,66
1781090911.753483,2962
1781090911.7622938,2962
1781090911.7656314,2962
1781090911.7747386,66
1781090911.7748802,66
1781090911.7748814,66
1781090911.774882,66
1781090911.7771423,66
1781090911.7826145,2962
1781090911.7921438,2962
1781090911.8026285,2962
1781090911.8037279,2962
1781090911.8230674,66
1781090911.8230581,66
1781090911.823159,66
1781090911.8231604,2962
1781090911.8233345,2962
1781090911.834583,2962
1781090911.8378155,66
1781090911.838116,2962
1781090911.8518856,2962
1781090911.853579,66
1781090911.854178,66
1781090911.869175,66
1781090911.8691778,2962
1781090911.8714323,66
1781090911.8714368,2962
1781090911.8836331,2962
1781090911.887762,66
1781090911.8877647,66
1781090911.8877661,2962
1781090911.8971946,2962
1781090911.9040928,2962
1781090911.914368,66
1781090911.9143703,2962
1781090911.922605,66
1781090911.9226084,2962
1781090911.9314802,66
1781090911.9330823,66
1781090911.9381583,2962
1781090911.9383605,66
1781090911.94167,2962
1781090911.9497924,66
1781090911.9556298,2962
1781090911.963653,66
1781090911.972871,66
1781090911.9733348,2962
1781090911.9734251,2962
1781090911.9833374,2962
1781090911.9914088,66
1781090911.9914198,2962
1781090911.998752,2962
1781090912.0078378,2962
1781090912.0160987,66
1781090912.0161657,66
1781090912.0177808,66
1781090912.023416,66
1781090912.025142,66
1781090912.0251448,66
1781090912.0254521,66
1781090912.027319,2962
1781090912.0367486,2962
1781090912.0431566,66
1781090912.0431602,2962
1781090912.0495756,66
1781090912.0507698,2962
1781090912.061181,66
1781090912.0611892,66
1781090912.0611944,818
1781090912.0714622,2962
1781090912.0715399,2962
1781090912.4960885,66
1781090912.4969997,2962
1781090912.496229,2962
1781090912.5047326,66
1781090912.5047455,2962
1781090912.5053172,66
1781090912.5064795,2962
1781090912.5263686,2962
1781090912.5263658,66
1781090912.526569,66
1781090912.5265718,1514
1781090912.5312266,2962
1781090912.5405488,66
1781090912.5405622,66
1781090912.5405638,66
1781090912.5432343,2962
1781090912.5487626,66
1781090912.5487726,66
1781090912.5487742,2962
1781090912.5584388,2962
1781090912.566475,2962
1781090912.5757127,66
1781090912.5757165,1514
1781090912.5840952,2962
1781090912.5840847,66
1781090912.5841055,66
1781090912.5841067,66
1781090912.5841076,1514
1781090912.5932097,2962
1781090912.6007845,2962
1781090912.6097062,66
1781090912.610502,66
1781090912.6105042,2962
1781090912.618108,66
1781090912.618124,66
1781090912.6188025,66
1781090912.6192255,74
1781090912.6197484,2962
1781090912.627991,2962
1781090912.6365578,2962
1781090913.4974322,66
1781090913.4981744,66
1781090913.4982536,66
1781090913.498265,2962
1781090913.497424,2962
1781090913.5065122,2962
1781090913.5074499,66
1781090913.5074513,66
1781090913.5313857,66
1781090913.5313077,66
1781090913.5318608,2962
1781090913.531358,66
1781090913.5313594,74
1781090913.5313606,66
1781090913.5313625,66
1781090913.531364,66
1781090913.5313656,2962
1781090913.5413435,2962
1781090913.5421252,2962
1781090914.4932723,66
1781090914.4959145,1514
1781090914.4960349,2962
1781090914.493382,2962
1781090914.5018976,2962
1781090914.512805,66
1781090914.5129244,2962
1781090914.5191476,66
1781090914.5191557,66
1781090914.5200288,2962
1781090914.5305016,74
1781090914.5306306,74
1781090914.5320632,2962
1781090914.536604,74
1781090914.5370915,66
1781090914.5370934,52
1781090914.537552,66
1781090914.538283,74
1781090914.5382853,66
1781090914.5407097,2962
1781090914.54828,66
1781090914.5482914,66
1781090914.5494382,2962
1781090914.5564053,66
1781090914.5564175,1514
1781090914.5705326,2962
1781090914.57053,2962
1781090914.5820365,2962
1781090914.5831888,66
1781090914.583307,66
1781090914.5838823,66
1781090914.5838838,66
1781090914.5846374,74
1781090914.5847337,2962
1781090914.635552,2962
1781090914.6355495,2962
1781090914.6442723,2962
1781090914.6442692,2962
1781090914.6637747,2962
1781090914.663762,66
1781090914.6637645,66
1781090914.6637661,74
1781090914.6637678,74
1781090914.6637704,66
1781090914.6637723,2962
1781090914.6777997,2962
1781090914.680882,66
1781090914.680884,66
1781090914.6808858,2962
1781090914.6952953,2962
1781090914.6981862,2962
1781090914.7118857,66
1781090914.712582,66
1781090914.7126577,66
1781090914.713072,66
1781090914.7133274,2962
1781090914.7149963,2962
1781090914.730961,2962
1781090914.7319741,2962
1781090914.7487066,66
1781090914.7494776,66
1781090914.749483,66
1781090914.7494864,2962
1781090914.7494926,66
1781090914.7495017,2962
1781090914.766482,2962
1781090914.766583,66
1781090914.7665944,66
1781090914.7673259,66
1781090914.7673333,66
1781090914.7681243,2962
1781090914.7832673,66
1781090914.7833765,66
1781090914.783379,2962
1781090914.79131,2962
1781090914.8016322,2962
1781090914.801898,66
1781090914.802247,2962
1781090914.8178759,66
1781090914.8178802,66
1781090914.8183894,2962
1781090914.819359,66
1781090914.8196533,66
1781090914.820223,1514
1781090914.8287034,2962
1781090914.836004,66
1781090914.8360066,2962
1781090914.8549578,66
1781090914.8549774,66
1781090914.8549461,2962
1781090914.8855252,2962
1781090914.885452,66
1781090914.885512,66
1781090914.8855143,2962
1781090914.9070477,2962
1781090914.9068618,2962
1781090914.9152968,2962
1781090914.9152946,2962
1781090914.937694,66
1781090914.9378421,2962
1781090914.9376917,66
1781090914.9378402,2962
1781090914.949692,66
1781090914.9496891,66
1781090914.9508493,2962
1781090914.9508414,66
1781090914.9508433,66
1781090914.950845,2962
1781090914.9676726,66
1781090914.9676766,66
1781090914.9676802,2962
1781090914.9700098,66
1781090914.973559,66
1781090915.4961472,2962
1781090915.5031412,2962
1781090915.5044706,2962
1781090915.511915,66
1781090915.5245001,2962
1781090915.5242167,66
1781090915.524489,66
1781090915.5244904,2962
1781090915.534736,2962
1781090915.5453563,66
1781090915.5458643,2962
1781090915.5498712,66
1781090915.5504265,2962
1781090915.55744,2962
1781090915.5672202,66
1781090915.5677443,2962
1781090915.577082,66
1781090915.577218,2962
1781090915.5850725,2962
1781090915.5981026,2962
1781090915.6023877,2962
1781090915.6086164,66
1781090915.6086261,66
1781090915.6095312,1514
1781090915.6294894,66
1781090915.6295164,66
1781090915.6295178,66
1781090915.6295195,2962
1781090915.6294868,2962
1781090915.6380296,1514
1781090915.6391633,66
1781090915.6393628,66
1781090915.6399407,2962
1781090915.6462154,2962
1781090915.6607406,2962
1781090915.6635537,66
1781090915.6635563,66
1781090915.6652918,2962
1781090915.674475,66
1781090915.6744785,66
1781090915.67448,2962
1781090915.681539,66
1781090915.6815417,66
1781090915.6824603,66
1781090915.6825683,2962
1781090915.6936603,1514
1781090915.6999898,66
1781090915.6999936,2962
1781090915.7000906,2962
1781090915.7229257,2962
1781090915.7229235,2962
1781090915.7337708,2962
1781090915.7347448,66
1781090915.734747,66
1781090915.7347486,66
1781090915.7354107,2962
1781090915.754408,66
1781090915.7544303,2962
1781090915.754404,66
1781090915.754428,66
1781090915.754429,2962
1781090915.7691126,2962
1781090915.7699878,2962
1781090915.7857015,66
1781090915.7861369,66
1781090915.7862103,2962
1781090915.786826,66
1781090915.787143,2962
1781090915.8067713,66
1781090915.8067722,2962
1781090915.8067684,2962
1781090915.8204088,2962
1781090915.8220484,66
1781090915.822057,66
1781090915.822867,66
1781090915.8228707,66
1781090915.8277855,2962
1781090915.8378224,66
1781090915.837826,66
1781090915.8385966,2962
1781090915.8488898,2962
1781090915.8565662,66
1781090915.856568,2962
1781090915.8572655,66
1781090915.8606157,66
1781090915.8661578,2962
1781090915.8730245,66
1781090915.873026,1514
1781090915.8802485,2962
1781090915.8818867,2962
1781090915.8919647,66
1781090915.8989224,66
1781090915.8989289,2962
1781090915.8990424,66
1781090915.9042852,2962
1781090915.9216604,2962
1781090915.9216692,2962
1781090915.9300234,66
1781090915.9320846,66
1781090915.933074,66
1781090915.9331524,2962
1781090915.9338965,66
1781090915.9339,1514
1781090915.942566,2962
1781090915.9478776,66
1781090915.9478838,66
1781090915.95998,66
1781090915.959994,2962
1781090915.9766068,66
1781090915.977193,2962
1781090915.983747,2962
1781090915.9922764,2962
1781090915.99413,2962
1781090916.016101,66
1781090916.016118,66
1781090916.0161095,66
1781090916.0161195,66
1781090916.0161204,66
1781090916.0161211,66
1781090916.0161223,2962
1781090916.0162501,2962
1781090916.02668,2962
1781090916.1433647,66
1781090916.1434696,2962
1781090916.1432943,66
1781090916.143454,2962
1781090916.1519578,66
1781090916.151955,2962
1781090916.1692026,2962
1781090916.1735368,1514
1781090916.1735408,2962
1781090916.1861372,66
1781090916.1862242,66
1781090916.187164,66
1781090916.187172,66
1781090916.1876423,2962
1781090916.1903744,66
1781090916.1906755,2962
1781090916.2047844,2962
1781090916.2077854,1514
1781090916.2162108,2962
1781090916.2252498,2962
1781090916.5000603,66
1781090916.5000632,66
1781090916.5000646,2962
1781090916.49987,2962
1781090916.508477,66
1781090916.5084786,66
1781090916.509239,66
1781090916.5092425,66
1781090916.5091445,2962
1781090916.5105598,1514
1781090916.5191312,2962
1781090916.5261712,66
1781090916.5261734,66
1781090916.5278819,2962
1781090916.535735,66
1781090916.5357387,2962
1781090916.54395,2962
1781090916.5534234,66
1781090916.5540202,2962
1781090916.5618465,52
1781090916.5618699,66
1781090916.5618782,1514
1781090916.570311,66
1781090916.570305,2962
1781090916.5704622,2962
1781090916.59098,66
1781090916.5909915,66
1781090916.5909922,66
1781090916.5909784,2962
1781090916.5913153,2962
1781090916.6043644,2962
1781090916.60586,66
1781090916.6062825,2962
1781090916.6210778,66
1781090916.6214912,66
1781090916.6218188,2962
1781090916.6233437,66
1781090916.623617,2962
1781090916.6389394,66
1781090916.639605,66
1781090916.6396093,66
1781090916.640375,2962
1781090916.640649,66
1781090916.655929,2962
1781090916.6571562,2962
1781090916.6641595,66
1781090916.6645284,66
1781090916.705209,66
1781090916.705293,1514
1781090916.7052944,2962
1781090916.7127988,2962
1781090916.7215111,66
1781090916.7230225,2962
1781090916.723064,66
1781090916.7372456,2962
1781090916.7393806,66
1781090916.7412677,66
1781090916.7416534,66
1781090916.7416546,2962
1781090916.7470796,66
1781090916.7527165,2962
1781090916.7580786,2962
1781090916.7630537,2962
1781090916.7754,66
1781090916.775402,2962
1781090917.494108,2962
1781090917.4941187,66
1781090917.494828,2962
1781090917.5025003,66
1781090917.5028174,2962
1781090917.503693,66
1781090917.5036948,2962
1781090917.5277877,2962
1781090917.5278761,66
1781090917.527941,2962
1781090917.5371888,66
1781090917.5372062,66
1781090917.5382655,66
1781090917.5384247,2962
1781090917.5382688,66
1781090917.5384274,66
1781090917.539102,2962
1781090917.5551865,2962
1781090917.5558329,66
1781090917.5565062,2962
1781090917.5723217,66
1781090917.572372,66
1781090917.573173,2962
1781090917.573177,1514
1781090917.5910223,66
1781090917.591035,66
1781090917.5910366,2962
1781090917.5910149,2962
1781090917.778261,66
1781090917.778364,2962
1781090917.778508,2962
1781090917.7869294,66
1781090917.7869263,66
1781090917.7869358,66
1781090917.7875278,66
1781090917.7881968,2962
1781090917.7993207,66
1781090917.8055542,66
1781090917.8055825,66
1781090917.805584,2962
1781090917.8103302,2962
1781090917.8232143,66
1781090917.8232179,2962
1781090917.823272,66
1781090917.823711,2962
1781090917.8359036,66
1781090917.8362448,1514
1781090917.8401957,2962
1781090917.8457117,2962
1781090917.857521,66
1781090917.8575263,74
1781090917.8581219,2962
1781090917.8621619,66
1781090917.8631232,2962
1781090917.8751175,66
1781090917.8754,2962
1781090917.8795247,2962
1781090917.8923323,2962
1781090917.8966339,2962
1781090917.9102721,2962
1781090917.9139867,66
1781090917.9139938,66
1781090917.9142761,74
1781090917.9152544,66
1781090917.915353,2962
1781090917.926609,66
1781090917.9273167,66
1781090917.9273183,2962
1781090917.931892,2962
1781090917.9448051,66
1781090917.9448574,2962
1781090917.9496274,66
1781090917.949772,66
1781090917.954354,2962
1781090917.9618444,2962
1781090917.967324,2962
1781090917.9787836,2962
1781090917.9854403,66
1781090917.9854684,66
1781090917.9862528,2962
1781090917.9966233,66
1781090917.9966972,66
1781090917.9966998,66
1781090917.9968448,2962
1781090918.0027957,66
1781090918.0028281,66
1781090918.0028296,66
1781090918.0129633,2962
1781090918.0143056,2962
1781090918.0239341,66
1781090918.0284688,66
1781090918.031259,66
1781090918.0314665,66
1781090918.0324838,2962
1781090918.0382845,66
1781090918.0498579,66
1781090918.0498672,2962
1781090918.0670686,2962
1781090918.067267,66
1781090918.0698497,2962
1781090918.0836902,1514
1781090918.0839055,2962
1781090918.0922265,2962
1781090918.0955782,66
1781090918.0956523,2962
1781090918.1101215,66
1781090918.1102157,2962
1781090918.1129699,2962
1781090918.126384,2962
1781090918.129508,2962
1781090918.1440291,2962
1781090918.147026,2962
1781090918.1608672,66
1781090918.1609309,66
1781090918.1612227,2962
1781090918.1637557,2962
1781090918.1783214,66
1781090918.1788101,2962
1781090918.1808622,66
1781090918.181201,66
1781090918.1817193,66
1781090918.181722,66
1781090918.1823466,2962
1781090918.196116,66
1781090918.1961293,2962
1781090918.1992407,66
1781090918.1995845,66
1781090918.2015033,2962
1781090918.2142935,66
1781090918.2143025,2962
1781090918.217124,66
1781090918.2268791,2962
1781090918.2304966,66
1781090918.231254,66
1781090918.2312553,66
1781090918.232268,2962
1781090918.2352011,2962
1781090918.2488198,66
1781090918.2489126,2962
1781090918.2537425,1514
1781090918.260836,2962
1781090918.266334,2962
1781090918.2778256,66
1781090918.278253,66
1781090918.2788365,66
1781090918.2788386,2962
1781090918.2897208,2962
1781090918.296591,2962
1781090918.3006482,2962
1781090918.313243,66
1781090918.3132486,66
1781090918.3142352,66
1781090918.3182843,66
1781090918.3182936,66
1781090918.3182957,2962
1781090918.31846,66
1781090918.324055,2962
1781090918.3327346,2962
1781090918.3358004,66
1781090918.335811,66
1781090918.3358128,2962
1781090918.3528278,66
1781090918.3528872,2962
1781090918.3536506,2962
1781090918.366623,66
1781090918.3666358,2962
1781090918.3707273,2962
1781090918.3840833,66
1781090918.3880599,2962
1781090918.3978596,66
1781090918.4042103,66
1781090918.4042757,66
1781090918.404872,66
1781090918.4052815,2962
1781090918.413784,2962
1781090918.4223356,2962
1781090918.4908788,66
1781090918.490779,66
1781090918.490863,2962
1781090918.4911458,2962
1781090918.9372957,2962
1781090918.9368584,2962
1781090918.945454,2962
1781090918.9454513,66
1781090918.9455817,66
1781090918.9460278,66
1781090918.9460306,2962
1781090918.96776,66
1781090918.9677672,2962
1781090918.9677708,2962
1781090918.9799871,66
1781090918.980831,66
1781090918.9808345,1514
1781090918.9804623,66
1781090918.9808378,66
1781090918.981723,2962
1781090918.9896424,2962
1781090918.9992492,2962
1781090919.0068295,66
1781090919.00693,2962
1781090919.0177433,2962
1781090919.0249012,2962
1781090919.03252,66
1781090919.0325248,66
1781090919.033233,66
1781090919.033235,66
1781090919.0341716,52
1781090919.0341735,1514
1781090919.0416555,66
1781090919.0416608,66
1781090919.0416625,2962
1781090919.042965,2962
1781090919.0587988,66
1781090919.058811,66
1781090919.0600939,1514
1781090919.0600967,66
1781090919.0601041,66
1781090919.0605643,2962
1781090919.069718,2962
1781090919.0772917,66
1781090919.0778792,2962
1781090919.085063,78
1781090919.085533,2962
1781090919.0970843,1514
1781090919.1032257,2962
1781090919.1032953,2962
1781090919.1194308,66
1781090919.1197367,66
1781090919.1203513,2962
1781090919.1203542,1514
1781090919.129067,2962
1781090919.1372674,2962
1781090919.146939,2962
1781090919.155315,66
1781090919.1553679,66
1781090919.1553695,66
1781090919.1553707,66
1781090919.1584725,66
1781090919.1634967,66
1781090919.163553,66
1781090919.1635544,2962
1781090919.1739388,66
1781090919.1804576,1514
1781090919.180462,2962
1781090919.1837482,66
1781090919.1838102,66
1781090919.1838117,2962
1781090919.1977472,66
1781090919.1977563,2962
1781090919.1994872,66
1781090919.1994956,66
1781090919.1994967,2962
1781090919.2146323,2962
1781090919.21651,2962
1781090919.2333286,2962
1781090919.2333353,2962
1781090919.2499735,66
1781090919.2499874,2962
1781090919.250941,66
1781090919.2509427,2962
1781090919.26697,66
1781090919.2669926,2962
1781090919.2688098,66
1781090919.268861,66
1781090919.2688627,2962
1781090919.2841196,66
1781090919.2841306,66
1781090919.2859697,66
1781090919.2859828,2962
1781090919.2859783,66
1781090919.2859855,66
1781090919.2888236,2962
1781090919.3070097,2962
1781090919.3070188,66
1781090919.3070707,66
1781090919.307072,2962
1781090919.3206537,66
1781090919.32071,66
1781090919.3207119,2962
1781090919.323004,66
1781090919.3230517,66
1781090919.3230531,2962
1781090919.3373098,2962
1781090919.339925,66
1781090919.3399308,2962
1781090919.353613,2962
1781090919.3567538,2962
1781090919.3708208,66
1781090919.3715153,66
1781090919.371523,2962
1781090919.3749397,2962
1781090919.388474,66
1781090919.3896232,66
1781090919.3896313,66
1781090919.3908584,2962
1781090919.4134269,66
1781090919.4134336,66
1781090919.4134347,2962
1781090919.4160957,2962
1781090919.424656,66
1781090919.4256284,66
1781090919.426242,2962
1781090919.4279146,66
1781090919.4429827,2962
1781090919.443007,2962
1781090919.4511096,2962
1781090919.4598334,2962
1781090919.4684823,66
1781090919.4684894,66
1781090919.4697235,2962
1781090919.4775133,66
1781090919.477523,66
1781090919.478033,66
1781090919.4780357,2962
1781090919.4864364,2962
1781090919.4958572,1514
1781090919.5037115,66
1781090919.5037332,2962
1781090919.5037253,2962
1781090919.5207143,2962
1781090919.5222197,2962
1781090919.5378487,66
1781090919.539606,66
1781090919.5396762,2962
1781090919.539584,66
1781090919.5405767,66
1781090919.540579,2962
1781090919.5563796,66
1781090919.5564575,66
1781090919.5564585,66
1781090919.55646,66
1781090919.556461,2962
1781090919.5606213,1514
1781090919.5659924,2962
1781090919.573185,2962
1781090919.5824738,2962
1781090919.5899873,66
1781090919.5904312,2962
1781090919.5992808,66
1781090919.5995564,2962
1781090919.6075149,66
1781090919.608636,2962
1781090919.6170433,2962
1781090919.6265259,2962
1781090919.6339977,66
1781090919.6340022,2962
1781090919.6424599,66
1781090919.6424608,66
1781090919.6433222,66
1781090919.6433241,2962
1781090919.6510403,66
1781090919.6516922,66
1781090919.6517408,66
1781090919.653814,66
1781090919.6604078,2962
1781090919.6666875,2962
1781090919.675213,2962
1781090919.6770556,2962
1781090919.6925778,66
1781090919.6926184,2962
1781090919.6956198,66
1781090919.6956673,2962
1781090919.709693,66
1781090919.7097166,66
1781090919.713006,66
1781090919.7130218,1514
1781090919.7140276,2962
1781090919.721457,2962
1781090919.7375531,66
1781090919.7387733,66
1781090919.738783,2962
1781090919.7400393,66
1781090919.7475483,2962
1781090919.7573762,2962
1781090919.759122,66
1781090919.7642906,2962
1781090919.772625,66
1781090919.7728527,2962
1781090919.7748902,2962
1781090919.7900245,66
1781090919.7907693,66
1781090919.790777,66
1781090919.7907684,66
1781090919.7907758,2962
1781090919.7913952,2962
1781090919.8090537,66
1781090919.8090632,2962
1781090919.8090513,2962
1781090919.825754,66
1781090919.825753,66
1781090919.82576,2962
1781090919.8286967,66
1781090919.841206,2962
1781090919.842119,2962
1781090919.8543582,2962
1781090919.8596866,66
1781090919.8597348,66
1781090919.8600168,66
1781090919.8607244,66
1781090919.860817,2962
1781090919.867087,2962
1781090919.8776822,2962
1781090919.8834674,66
1781090919.8845832,2962
1781090919.8954637,2962
1781090919.9011683,66
1781090919.9011726,66
1781090919.9029927,66
1781090919.9030428,2962
1781090919.9124112,66
1781090919.912497,2962
1781090919.9198427,66
1781090919.9219484,66
1781090919.9300847,2962
1781090919.9424982,2962
1781090919.946646,66
1781090919.9466581,2962
1781090919.9543097,2962
1781090919.9640439,66
1781090919.9640493,1514
1781090919.9678178,66
1781090919.97266,2962
1781090919.978469,2962
1781090919.9867141,66
1781090919.9879308,2962
1781090919.989964,66
1781090919.9899688,2962
1781090920.0044458,66
1781090920.004454,66
1781090920.0061789,2962
1781090920.0071628,66
1781090920.0079143,66
1781090920.0079632,2962
1781090920.0222251,66
1781090920.0222394,2962
1781090920.0257201,2962
1781090920.0427477,2962
1781090920.051372,2962
1781090920.0597773,66
1781090920.059775,66
1781090920.059872,66
1781090920.0598748,66
1781090920.0614097,2962
1781090920.0631597,2962
1781090920.0775745,66
1781090920.0774274,2962
1781090920.0776355,2962
1781090920.0944107,1514
1781090920.0944016,2962
1781090920.103314,2962
1781090920.1120603,66
1781090920.1121674,66
1781090920.11217,2962
1781090920.1214378,66
1781090920.1214528,66
1781090920.1214542,66
1781090920.1214552,66
1781090920.1214566,2962
1781090920.1300483,2962
1781090920.139097,2962
1781090920.1464362,2962
1781090920.1573489,66
1781090920.1575642,66
1781090920.1575675,2962
1781090920.1641092,66
1781090920.164113,66
1781090920.1641154,66
1781090920.1645284,66
1781090920.1645303,2962
1781090920.1762593,2962
1781090920.1822267,2962
1781090920.1905553,2962
1781090920.199258,66
1781090920.1992693,2962
1781090920.207562,66
1781090920.2088974,66
1781090920.2167044,2962
1781090920.2253814,1514
1781090920.2256813,66
1781090920.2292345,66
1781090920.2340946,2962
1781090920.2343578,66
1781090920.2517526,2962
1781090920.270026,66
1781090920.2702441,66
1781090920.270247,2962
1781090920.2704291,2962
1781090920.2856247,2962
1781090920.2858465,66
1781090920.3038795,66
1781090920.3038816,66
1781090920.303883,66
1781090920.3038843,66
1781090920.3038855,2962
1781090920.3039272,1514
1781090920.3039293,2962
1781090920.3231916,2962
1781090920.3231997,1514
1781090920.329225,66
1781090920.3302326,2962
1781090920.3381083,2962
1781090920.346857,2962
1781090920.3553448,66
1781090920.35538,66
1781090920.355381,66
1781090920.3559065,66
1781090920.357946,2962
1781090920.3637953,66
1781090920.3657115,66
1781090920.365723,1514
1781090920.3738601,2962
1781090920.3738577,2962
1781090920.3918984,2962
1781090920.3918931,122
1781090920.3919377,2962
1781090920.4076238,66
1781090920.4090471,66
1781090920.4090648,2962
1781090920.4094424,66
1781090920.417665,66
1781090920.4254286,2962
1781090920.4303317,66
1781090920.4350216,2962
1781090920.4431796,2962
1781090920.443197,66
1781090920.443896,2962
1781090920.460181,66
1781090920.460184,66
1781090920.4601858,66
1781090920.4607635,2962
1781090920.4607618,66
1781090920.4607723,66
1781090920.461686,66
1781090920.4616878,2962
1781090920.4785836,66
1781090920.478887,2962
1781090920.4787083,66
1781090920.4788916,66
1781090920.4796276,2962
1781090920.4956684,66
1781090920.495676,2962
1781090920.4967458,66
1781090920.4967477,2962
1781090920.5129828,66
1781090920.5129998,66
1781090920.513519,66
1781090920.5135207,2962
1781090920.5139468,2962
1781090920.5315661,66
1781090920.5315733,2962
1781090920.5326877,2962
1781090920.5484467,2962
1781090920.5484452,66
1781090920.5484514,2962
1781090920.5658908,66
1781090920.565898,66
1781090920.5659027,66
1781090920.5679042,66
1781090920.5679092,2962
1781090920.574342,2962
1781090920.5825882,66
1781090920.5852492,2962
1781090920.587331,66
1781090920.5875103,66
1781090920.5903494,66
1781090920.6065183,66
1781090920.606528,66
1781090920.6065288,66
1781090920.6065295,2962
1781090920.6066096,2962
1781090920.615504,66
1781090920.6164842,2962
1781090920.6187518,1514
1781090920.627826,2962
1781090920.6324441,2962
1781090920.644732,2962
1781090920.6577125,66
1781090920.6577277,66
1781090920.6590273,2962
1781090920.6651278,2962
1781090920.6715693,2962
1781090920.678595,66
1781090920.678765,66
1781090920.6792936,66
1781090920.6795123,2962
1781090920.6843789,66
1781090920.6893399,1514
1781090920.6936429,2962
1781090920.6969912,2962
1781090920.710283,66
1781090920.7104528,2962
1781090920.713932,66
1781090920.713935,66
1781090920.7149124,66
1781090920.7149153,1514
1781090920.7267377,2962
1781090920.7280738,66
1781090920.7280777,2962
1781090920.7435863,2962
1781090920.745571,66
1781090920.745575,2962
1781090921.4925995,66
1781090921.4925342,66
1781090921.4936628,66
1781090921.4925766,2962
1781090921.4954011,66
1781090921.5014338,2962
1781090921.5022745,2962
1781090921.5106075,2962
1781090921.5182402,66
1781090921.5188432,66
1781090921.5188444,66
1781090921.5193846,2962
1781090921.5280185,66
1781090921.5280254,1514
1781090921.5364459,66
1781090921.5366807,2962
1781090921.536444,52
1781090921.5367274,66
1781090921.537438,2962
1781090921.5545793,66
1781090921.5545886,2962
1781090921.5622125,2962
1781090921.5717206,66
1781090921.5717368,66
1781090921.5717192,66
1781090921.5717347,1514
1781090921.5800135,66
1781090921.581165,2962
1781090921.5976703,2962
1781090921.606019,2962
1781090921.6155932,66
1781090921.6157784,66
1781090921.6157832,2962
1781090921.6192443,2962
1781090921.631924,66
1781090921.6340067,66
1781090921.634024,78
1781090921.6340253,66
1781090921.6340268,2962
1781090921.6461678,2962
1781090921.651015,2962
1781090921.6544662,66
1781090921.660448,66
1781090921.66052,2962
1781090921.6678686,2962
1781090921.6730685,66
1781090921.674749,2962
1781090921.6872947,66
1781090921.6873138,2962
1781090921.6901023,66
1781090921.7023487,2962
1781090921.7027516,66
1781090921.706851,2962
1781090921.7202117,66
1781090921.720308,2962
1781090921.7202878,2962
1781090921.733966,2962
1781090921.7371001,66
1781090921.7371018,66
1781090921.7371032,2962
1781090921.7544565,2962
1781090921.7544658,66
1781090921.7546017,2962
1781090921.7686634,66
1781090921.768675,66
1781090921.768677,66
1781090921.7686784,66
1781090921.772243,66
1781090921.772252,1514
1781090921.7791088,66
1781090921.7860887,2962
1781090921.7862358,2962
1781090921.7943056,2962
1781090921.7986178,1514
1781090921.8062046,2962
1781090921.8114274,74
1781090921.8123384,2962
1781090921.8235383,2962
1781090921.8292732,2962
1781090921.8424544,66
1781090921.842654,66
1781090921.8426561,66
1781090921.8426573,2962
1781090921.8551905,66
1781090921.8552845,66
1781090921.8552861,66
1781090921.8552868,66
1781090921.855288,2962
1781090921.8586214,66
1781090921.8588626,2962
1781090921.8659132,66
1781090921.8715138,2962
1781090921.8767397,2962
1781090921.8824592,2962
1781090921.893481,66
1781090921.8934915,66
1781090921.8947442,2962
1781090921.8995028,66
1781090921.8995695,66
1781090921.9005938,2962
1781090921.911117,66
1781090921.9111233,2962
1781090921.91719,66
1781090921.9249902,1514
1781090921.9281938,74
1781090921.9298854,66
1781090921.9298866,2962
1781090921.935134,2962
1781090921.9440894,2962
1781090921.946003,2962
1781090921.960352,66
1781090921.9606893,2962
1781090921.9641435,2962
1781090921.9779615,66
1781090921.9786537,66
1781090921.9786627,2962
1781090921.9804091,1514
1781090921.9895556,2962
1781090921.99584,2962
1781090922.0057857,66
1781090922.0075285,66
1781090922.007581,66
1781090922.0075822,2962
1781090922.0129385,66
1781090922.0129476,66
1781090922.0146205,66
1781090922.014628,66
1781090922.018879,2962
1781090922.0244417,2962
1781090922.0312717,2962
1781090922.0410914,66
1781090922.0414777,66
1781090922.0439982,66
1781090922.0440044,66
1781090922.0440056,2962
1781090922.04816,2962
1781090922.0595284,66
1781090922.0602314,2962
1781090922.0656233,66
1781090922.0656295,2962
1781090922.0775988,2962
1781090922.083453,66
1781090922.08346,66
1781090922.0834615,2962
1781090922.094186,2962
1781090922.1004755,66
1781090922.1018143,2962
1781090922.1111515,66
1781090922.1130643,66
1781090922.1130724,66
1781090922.113074,2962
1781090922.1187582,66
1781090922.1187758,66
1781090922.1187766,66
1781090922.1240902,2962
1781090922.129169,2962
1781090922.1367414,2962
1781090922.1490595,66
1781090922.1490684,2962
1781090922.153327,2962
1781090922.1646,66
1781090922.1646478,1514
1781090922.1707308,2962
1781090922.1729152,2962
1781090922.1886423,66
1781090922.1886933,66
1781090922.1886952,2962
1781090922.1908703,66
1781090922.1908712,66
1781090922.1908722,1514
1781090922.198788,2962
1781090922.2054517,2962
1781090922.2187834,2962
1781090922.2224627,66
1781090922.22256,66
1781090922.2260728,2962
1781090922.2330003,2962
1781090922.2412734,66
1781090922.2412772,66
1781090922.241278,66
1781090922.2503085,66
1781090922.2503145,66
1781090922.2516012,2962
1781090922.2679405,66
1781090922.2687025,2962
1781090922.273925,2962
1781090922.2851145,66
1781090922.2858806,66
1781090922.285885,2962
1781090922.288031,2962
1781090922.2993948,2962
1781090922.3034444,66
1781090922.3034582,2962
1781090922.3165624,66
1781090922.316613,66
1781090922.318024,66
1781090922.3181033,2962
1781090922.320515,2962
1781090922.334836,1514
1781090922.3376348,66
1781090922.337993,2962
1781090922.343168,66
1781090922.3432364,2962
1781090922.3550243,66
1781090922.3562293,66
1781090922.356234,2962
1781090922.3606496,66
1781090922.3606663,66
1781090922.3646586,2962
1781090922.3794227,2962
1781090922.379414,1514
1781090922.3899336,2962
1781090922.410896,2962
1781090922.4109037,2962
1781090922.4214983,2962
1781090922.4215033,2962
1781090922.442422,66
1781090922.4424567,66
1781090922.4424577,66
1781090922.4424582,66
1781090922.4424586,2962
1781090922.4424474,66
1781090922.4424596,66
1781090922.4424605,66
1781090922.4424622,66
1781090922.442463,2962
1781090922.4548607,2962
1781090922.4548635,2962
1781090922.4737525,66
1781090922.473764,66
1781090922.473765,2962
1781090922.4737573,2962
1781090922.4950325,66
1781090922.4950309,2962
1781090922.4951158,2962
1781090922.5153317,66
1781090922.5153275,2962
1781090922.5157433,2962
1781090922.5263233,66
1781090922.5262933,66
1781090922.526309,66
1781090922.5263114,2962
1781090922.5381796,66
1781090922.5393147,66
1781090922.54146,66
1781090922.5417233,66
1781090922.5421758,66
1781090922.5466044,2962
1781090922.5467021,66
1781090922.546722,2962
1781090922.5570998,2962
1781090922.5679579,1514
1781090922.568109,2962
1781090922.5726678,1514
1781090923.4928727,2962
1781090923.4928868,1514
1781090923.4939554,2962
1781090923.506981,66
1781090923.5070913,2962
1781090923.512679,66
1781090923.5126808,66
1781090923.512682,2962
1781090923.518671,66
1781090923.519129,66
1781090923.5191314,2962
1781090923.5304756,2962
1781090923.5371225,2962
1781090923.547838,66
1781090923.5478504,52
1781090923.5478518,2962
1781090923.5534759,66
1781090923.5539033,66
1781090923.5544271,2962
1781090923.568732,2962
1781090923.5713365,2962
1781090923.579658,66
1781090923.5796678,66
1781090923.5802455,74
1781090923.5802505,2962
1781090923.5889068,66
1781090923.5889184,66
1781090923.5902884,2962
1781090923.599342,66
1781090923.5993707,66
1781090923.5993717,2962
1781090923.6097324,2962
1781090923.896215,66
1781090923.8960924,2962
1781090923.8967748,66
1781090923.900143,74
1781090923.9018312,1514
1781090923.9048266,2962
1781090923.9061282,66
1781090923.9061463,66
1781090923.9061477,2962
1781090923.9193103,2962
1781090923.9221725,2962
1781090923.9364717,2962
1781090923.9395225,66
1781090923.9395347,66
1781090923.9410467,66
1781090923.9410493,2962
1781090923.9527683,2962
1781090923.9574125,66
1781090923.957425,2962
1781090923.9735875,66
1781090923.9736025,66
1781090923.9736032,2962
1781090923.9746935,66
1781090923.9750967,1514
1781090923.9837036,2962
1781090923.9879477,66
1781090923.9879508,66
1781090923.9884684,66
1781090923.988471,66
1781090924.0045545,2962
1781090924.004697,66
1781090924.016062,66
1781090924.0181222,66
1781090924.018125,66
1781090924.0182452,2962
1781090924.0208998,2962
1781090924.0315826,2962
1781090924.0354776,2962
1781090924.0451887,2962
1781090924.0524871,78
1781090924.05322,66
1781090924.053268,2962
1781090924.06091,66
1781090924.0649462,2962
1781090924.0704744,66
1781090924.0714972,66
1781090924.0715835,2962
1781090924.0791163,66
1781090924.0792458,66
1781090924.0882747,2962
1781090924.088406,66
1781090924.0920932,2962
1781090924.105542,2962
1781090924.1069713,66
1781090924.110546,2962
1781090924.1190178,66
1781090924.1190233,2962
1781090924.1234994,66
1781090924.123504,66
1781090924.123505,2962
1781090924.1385758,2962
1781090924.1405041,2962
1781090924.1539867,2962
1781090924.157046,2962
1781090924.170795,66
1781090924.1708267,66
1781090924.171246,1514
1781090924.1741846,2962
1781090924.1800687,2962
1781090924.191945,66
1781090924.191994,66
1781090924.1919951,66
1781090924.1950297,66
1781090924.195036,2962
1781090924.1966703,66
1781090924.1970901,2962
1781090924.2096307,2962
1781090924.2155879,2962
1781090924.2270594,2962
1781090924.2316022,66
1781090924.2316096,66
1781090924.232596,66
1781090924.2379022,2962
1781090924.2437685,66
1781090924.2446575,66
1781090924.2447076,66
1781090924.2464442,2962
1781090924.2496345,66
1781090924.2496486,2962
1781090924.2633486,66
1781090924.2633557,2962
1781090924.2675037,66
1781090924.267553,66
1781090924.279706,2962
1781090924.2932737,2962
1781090924.2970164,2962
1781090924.3016002,66
1781090924.3078847,66
1781090924.3135602,66
1781090924.3143072,66
1781090924.3143167,2962
1781090924.3227003,66
1781090924.3312685,2962
1781090924.3313231,66
1781090924.3359404,2962
1781090924.3444586,2962
1781090924.348254,2962
1781090924.3614051,2962
1781090924.3654382,66
1781090924.3661113,66
1781090924.366159,66
1781090924.3674512,2962
1781090924.3785315,66
1781090924.3785398,1514
1781090924.3839319,66
1781090924.3839393,2962
1781090924.3871033,2962
1781090924.4012926,2962
1781090924.404766,2962
1781090924.4185178,2962
1781090924.421152,2962
1781090924.4357216,66
1781090924.43577,66
1781090924.4357712,2962
1781090924.4381864,66
1781090924.4390547,66
1781090924.4390619,66
1781090924.4402752,66
1781090924.440281,2962
1781090924.4610894,2962
1781090924.4610827,66
1781090924.461098,66
1781090924.4610991,2962
1781090924.4715714,2962
1781090924.4738817,2962
1781090924.4994252,66
1781090924.4995248,66
1781090924.4995255,66
1781090924.4995263,66
1781090924.499423,66
1781090924.4995217,66
1781090924.4995234,2962
1781090924.4996486,2962
1781090924.5135381,2962
1781090924.5135365,66
1781090924.5135474,66
1781090924.5135486,2962
1781090924.5345023,2962
1781090924.5345008,2962
1781090924.5449283,66
1781090924.5452485,66
1781090924.5452511,66
1781090924.5449274,2962
1781090924.545407,2962
1781090924.5657852,66
1781090924.5658066,2962
1781090924.5657918,2962
1781090924.5788803,66
1781090924.578984,66
1781090924.5789864,2962
1781090925.3651953,1514
1781090925.363975,66
1781090925.365184,2962
1781090925.3653493,66
1781090925.3704224,2962
1781090925.3741536,66
1781090925.3741803,2962
1781090925.382384,2962
1781090925.3919215,66
1781090925.3919358,2962
1781090925.401613,2962
1781090925.4092765,2962
1781090925.4166243,66
1781090925.4166377,66
1781090925.420562,2962
1781090925.4260428,74
1781090925.4260542,66
1781090925.4260566,66
1781090925.4326568,66
1781090925.432689,2962
1781090925.4395707,66
1781090925.4404836,2962
1781090925.4502203,2962
1781090925.4535618,2962
1781090925.4610903,1514
1781090925.4687982,74
1781090925.4693277,66
1781090925.4693303,66
1781090925.47004,66
1781090925.4704447,66
1781090925.4704483,2962
1781090925.470037,2962
1781090925.487354,2962
1781090925.4963727,66
1781090925.5043557,66
1781090925.504484,66
1781090925.504487,66
1781090925.5050519,66
1781090925.5050597,2962
1781090925.5134542,2962
1781090925.522174,2962
1781090925.5223334,2962
1781090925.5401132,66
1781090925.5402174,66
1781090925.5401196,66
1781090925.540222,2962
1781090925.5403278,2962
1781090925.556411,66
1781090925.5564222,66
1781090925.5570893,1514
1781090925.557094,1514
1781090925.5653188,66
1781090925.5658622,1514
1781090925.5666022,2962
1781090925.5793042,66
1781090925.5793328,2962
1781090925.5833628,66
1781090925.5833664,66
1781090925.583368,2962
1781090925.5993135,2962
1781090925.600652,66
1781090925.6006606,66
1781090925.6062078,2962
1781090925.6087525,66
1781090925.60879,2962
1781090925.621586,2962
1781090925.625906,2962
1781090925.6361027,66
1781090925.6361287,66
1781090925.6428998,66
1781090925.643572,2962
1781090925.6465335,2962
1781090925.6549366,66
1781090925.6601443,66
1781090925.66058,66
1781090925.660582,2962
1781090925.6779504,2962
1781090925.678072,66
1781090925.6927304,66
1781090925.69497,66
1781090925.6956632,66
1781090925.695665,2962
1781090925.6957,2962
1781090925.7053514,66
1781090925.7140326,66
1781090925.7140353,2962
1781090925.7249365,2962
1781090925.73213,66
1781090925.7325249,2962
1781090925.7332323,2962
1781090925.7504153,1514
1781090925.7503624,2962
1781090925.7589962,2962
1781090925.7662642,2962
1781090925.776586,66
1781090925.77664,66
1781090925.776642,2962
1781090925.7825577,66
1781090925.7825606,66
1781090925.7825615,66
1781090925.7825623,66
1781090925.7831423,2962
1781090925.7935278,66
1781090925.7947807,2962
1781090925.8009596,66
1781090925.800968,2962
1781090925.812254,2962
1781090925.8193655,66
1781090925.819369,2962
1781090925.8280332,66
1781090925.8285637,66
1781090925.8289967,66
1781090925.8290043,66
1781090925.8351371,66
1781090925.8354454,2962
1781090925.851899,66
1781090925.8527732,66
1781090925.8527746,66
1781090925.853323,2962
1781090925.8646033,2962
1781090925.8702788,66
1781090925.8706608,2962
1781090925.8743103,2962
1781090925.8881366,2962
1781090925.8902695,2962
1781090925.9047701,66
1781090925.9070854,2962
1781090925.9070835,66
1781090925.9070964,2962
1781090925.9228778,2962
1781090925.9240234,66
1781090925.9254246,66
1781090925.9254334,66
1781090925.9254346,66
1781090925.9254358,2962
1781090925.9396245,66
1781090925.9411452,2962
1781090925.943176,2962
1781090925.9576576,2962
1781090925.9603777,66
1781090925.9603941,66
1781090925.9603956,2962
1781090925.9739852,66
1781090925.9755096,2962
1781090925.9772391,66
1781090925.9837332,66
1781090925.9837408,2962
1781090925.9941251,66
1781090925.9942725,2962
1781090926.004226,2962
1781090926.0146198,2962
1781090926.014612,66
1781090926.0146313,2962
1781090926.4846957,66
1781090926.4858956,2962
1781090926.4846928,66
1781090926.4858942,2962
1781090926.4997172,66
1781090926.4997933,66
1781090926.4997153,66
1781090926.4997482,2962
1781090926.52053,2962
1781090926.5205662,66
1781090926.5206003,2962
1781090926.5308762,1514
1781090926.5308752,2962
1781090926.541281,2962
1781090926.5515468,66
1781090926.5515614,52
1781090926.5515623,66
1781090926.5515635,66
1781090926.551565,66
1781090926.5515661,2962
1781090926.5568466,2962
1781090926.5825863,66
1781090926.5826063,66
1781090926.5826077,66
1781090926.5826087,2962
1781090926.5825744,1514
1781090926.5826037,2962
1781090926.5918467,66
1781090926.5925176,2962
1781090926.5996733,2962
1781090926.6136518,2962
1781090926.6165152,2962
1781090926.6263719,66
1781090926.6266644,66
1781090926.627921,66
1781090926.62978,66
1781090926.634399,1514
1781090926.6423595,66
1781090926.642364,66
1781090926.6437,66
1781090926.6437042,2962
1781090926.6505046,66
1781090926.654388,66
1781090926.6608355,66
1781090926.6609004,2962
1781090926.6609788,2962
1781090926.6693962,1514
1781090926.6775339,2962
1781090926.6786575,2962
1781090926.6944904,66
1781090926.6956973,2962
1781090926.6957045,66
1781090926.6957593,66
1781090926.6957607,2962
1781090926.711789,2962
1781090926.7135522,66
1781090926.713559,66
1781090926.71356,66
1781090926.715445,66
1781090926.715498,2962
1781090926.7288725,2962
1781090926.73347,2962
1781090926.7470202,66
1781090926.747034,66
1781090926.7470353,66
1781090926.7470362,66
1781090926.7484565,66
1781090926.7484617,2962
1781090926.7485576,2962
1781090926.7660668,2962
1781090926.766077,66
1781090926.766078,66
1781090926.7660787,66
1781090926.7686417,66
1781090926.7687242,2962
1781090926.781892,66
1781090926.7833111,2962
1781090926.7841077,2962
1781090926.7997468,66
1781090926.7997856,1514
1781090926.8030596,2962
1781090926.8081362,2962
1781090926.8188286,2962
1781090926.82613,2962
1781090926.8355713,66
1781090926.835575,66
1781090926.8358984,2962
1781090926.8425033,66
1781090926.8428802,2962
1781090926.8532884,66
1781090926.8532987,66
1781090926.8548949,2962
1781090926.86009,66
1781090926.8601437,66
1781090926.8613086,2962
1781090926.8714945,66
1781090926.8715498,2962
1781090926.87761,2962
1781090926.8884342,66
1781090926.888444,2962
1781090926.8947647,66
1781090926.8948188,66
1781090926.8972564,66
1781090926.9031725,2962
1781090926.9056625,2962
1781090926.9128122,66
1781090926.9139955,2962
1781090926.9231057,66
1781090926.9231784,66
1781090926.92318,66
1781090926.9239194,2962
1781090926.9300864,66
1781090926.9306257,2962
1781090926.940955,1514
1781090926.9475114,66
1781090926.949999,2962
1781090926.9500213,66
1781090926.950046,66
1781090926.9537554,2962
1781090926.9656818,2962
1781090926.9667294,66
1781090926.9667313,2962
1781090927.4868333,66
1781090927.486845,2962
1781090927.4871547,66
1781090927.4996526,66
1781090927.4996746,1514
1781090927.500021,66
1781090927.5001237,2962
1781090927.5039651,2962
1781090927.5090477,2962
1781090927.5283885,2962
1781090927.5283613,2962
1781090927.5385668,66
1781090927.5390778,2962
1781090927.5448492,66
1781090927.5448613,1514
1781090927.551645,2962
1781090927.5557616,2962
1781090927.5697918,66
1781090927.5698185,2962
1781090927.5727406,66
1781090927.5727496,66
1781090927.5735688,2962
1781090927.5865211,66
1781090927.5865502,2962
1781090927.5905552,66
1781090927.5905583,2962
1781090927.6038754,66
1781090927.6038797,66
1781090927.6044784,66
1781090927.6044807,2962
1781090927.608347,66
1781090927.6083996,66
1781090927.6084015,66
1781090927.6093137,66
1781090927.609365,2962
1781090927.6216528,66
1781090927.6227126,2962
1781090927.6265616,2962
1781090927.6389866,66
1781090927.6397955,66
1781090927.6434693,66
1781090927.645378,2962
1781090927.65638,66
1781090927.661258,2962
1781090927.6780534,2962
1781090927.6817322,2962
1781090927.6900454,2962
1781090927.6953475,2962
1781090927.708508,2962
1781090927.7128572,2962
1781090927.725572,2962
1781090927.7292457,1514
1781090927.7374578,2962
1781090927.7412794,66
1781090927.7413883,66
1781090927.745889,66
1781090927.7459142,66
1781090927.745916,66
1781090927.7459176,66
1781090927.7459195,2962
1781090927.755067,66
1781090927.7551813,66
1781090927.7551835,66
1781090927.7559142,2962
1781090927.7670722,2962
1781090927.7734268,66
1781090927.7734458,66
1781090927.7734482,2962
1781090927.777687,2962
1781090927.790783,66
1781090927.7907999,2962
1781090927.7954524,1514
1781090927.8037844,2962
1781090927.809672,66
1781090927.8097866,2962
1781090927.821336,2962
1781090927.8262515,2962
1781090927.8381305,66
1781090927.8381367,2962
1781090927.8425107,2962
1781090927.8546946,66
1781090927.8551967,66
1781090927.855199,2962
1781090927.8596048,66
1781090927.8603134,66
1781090927.8604262,66
1781090927.860428,66
1781090927.8631003,2962
1781090927.8737657,2962
1781090927.8783333,1514
1781090927.8867412,2962
1781090927.8896918,66
1781090927.8897967,66
1781090927.890411,66
1781090927.8904145,2962
1781090927.9048934,2962
1781090927.9077914,2962
1781090927.9236374,66
1781090927.9236562,66
1781090927.9236581,2962
1781090927.9260695,66
1781090927.9260716,2962
1781090927.9394014,2962
1781090927.9422567,66
1781090927.94226,66
1781090927.9434137,2962
1781090927.9654646,66
1781090927.9656658,2962
1781090927.9654624,2962
1781090927.9752405,66
1781090927.9752495,66
1781090927.9752514,2962
1781090927.9772947,66
1781090927.978347,66
1781090927.978986,2962
1781090927.9919066,66
1781090927.9920168,2962
1781090927.9957016,2962
1781090928.0100245,66
1781090928.010037,66
1781090928.0100389,2962
1781090928.0125754,66
1781090928.012646,66
1781090928.0130668,2962
1781090928.0275242,2962
1781090928.0300417,66
1781090928.0437598,1514
1781090928.0438297,1514
1781090928.0438325,2962
1781090928.0526268,2962
1781090928.0677757,66
1781090928.0677922,66
1781090928.067794,66
1781090928.0694633,66
1781090928.0703437,66
1781090928.0703537,2962
1781090928.0750852,2962
1781090928.089216,2962
1781090928.0893621,66
1781090928.0893638,1514
1781090928.0945954,2962
1781090928.109762,2962
1781090928.1098711,66
1781090928.1117945,2962
1781090928.4881325,2962
1781090928.4881237,66
1781090928.4882035,66
1781090928.4882047,66
1781090928.488206,2962
1781090929.4190176,66
1781090929.4188716,66
1781090929.4189894,2962
1781090929.419859,2962
1781090929.4277618,66
1781090929.427764,2962
1781090929.42807,66
1781090929.4284713,2962
1781090929.4459112,74
1781090929.4459283,66
1781090929.445978,66
1781090929.4459445,2962
1781090929.4464104,1514
1781090929.4549565,66
1781090929.4555876,2962
1781090929.4628153,52
1781090929.4628217,66
1781090929.4628236,2962
1781090929.4722285,66
1781090929.4740813,2962
1781090929.4799173,1514
1781090929.4894383,66
1781090929.4894586,66
1781090929.4894595,66
1781090929.4897485,78
1781090929.4898193,2962
1781090929.4900444,66
1781090929.4904454,2962
1781090929.5076435,66
1781090929.5076394,2962
1781090929.5111272,66
1781090930.4973772,66
1781090930.496188,66
1781090930.4973633,66
1781090930.4973645,2962
1781090930.497483,2962
1781090930.5059657,74
1781090930.505965,2962
1781090930.5068698,2962
1781090930.5230827,2962
1781090930.5234425,66
1781090930.5260348,2962
1781090930.5427299,66
1781090930.5427477,66
1781090930.5427487,2962
1781090930.5427282,66
1781090930.5427465,1514
1781090930.5489936,2962
1781090930.559152,66
1781090930.5591636,66
1781090930.5594368,66
1781090930.56615,78
1781090930.5668135,66
1781090930.5668144,52
1781090930.5672913,74
1781090930.567603,66
1781090930.568142,1514
1781090930.5752685,2962
1781090930.5765505,2962
1781090930.5935109,2962
1781090930.5936308,66
1781090930.5950828,2962
1781090930.6111019,2962
1781090930.6121101,66
1781090930.615116,2962
1781090930.623717,66
1781090930.6237254,2962
1781090930.627875,66
1781090930.6278806,66
1781090930.630228,74
1781090930.6302295,66
1781090930.6302304,2962
1781090930.6408823,2962
1781090930.6467419,66
1781090930.646792,66
1781090930.6467931,2962
1781090930.6584897,2962
1781090930.6645885,2962
1781090930.6749058,66
1781090930.675511,66
1781090930.675512,2962
1781090930.6811297,66
1781090930.6817446,2962
1781090930.6927617,2962
1781090930.6989822,66
1781090930.6989875,2962
1781090930.7106047,66
1781090930.7106173,2962
1781090930.7166157,2962
1781090930.7274547,66
1781090930.72756,2962
1781090930.732964,66
1781090930.7332287,66
1781090930.7337296,66
1781090930.7340107,2962
1781090930.7449949,66
1781090930.7450078,66
1781090930.7455387,66
1781090930.7455404,66
1781090930.746128,2962
1781090930.7512422,1514
1781090930.75976,2962
1781090930.7642283,2962
1781090930.7794023,66
1781090930.7794201,66
1781090930.779421,2962
1781090930.7825427,2962
1781090930.7954595,2962
1781090930.797197,66
1781090930.7985563,66
1781090930.7985578,66
1781090930.7985585,66
1781090930.8138502,66
1781090930.8139176,2962
1781090930.8159933,66
1781090930.8271728,66
1781090930.830665,66
1781090930.8306773,66
1781090930.8306785,2962
1781090930.830715,2962
1781090930.8419929,2962
1781090930.8472338,66
1781090930.8472388,2962
1781090930.8565927,2962
1781090930.8643308,2962
1781090930.8729734,66
1781090930.8736265,66
1781090930.8736293,2962
1781090930.881521,2962
1781090930.8916507,2962
1781090930.8997445,2962
1781090930.9087856,66
1781090930.9088879,66
1781090930.9099865,66
1781090930.9176152,2962
1781090930.9176965,66
1781090931.2043393,66
1781090931.2054315,66
1781090931.2054355,66
1781090931.205437,1514
1781090931.205595,2962
1781090931.2058713,2962
1781090931.2164776,2962
1781090931.2229228,66
1781090931.2233377,66
1781090931.2241335,1514
1781090931.2312605,2962
1781090931.2321234,2962
1781090931.2482884,2962
1781090931.2497816,2962
1781090931.2653484,2962
1781090931.2672296,66
1781090931.2672937,66
1781090931.2672951,66
1781090931.2672968,2962
1781090931.2828608,2962
1781090931.2851567,2962
1781090931.2991428,66
1781090931.3011892,66
1781090931.3012035,66
1781090931.3012047,66
1781090931.3012059,2962
1781090931.3035252,2962
1781090931.3177013,2962
1781090931.3194096,2962
1781090931.334587,2962
1781090931.3365057,66
1781090931.3365781,66
1781090931.3365793,66
1781090931.3365808,2962
1781090931.3523228,66
1781090931.3523412,66
1781090931.3523426,66
1781090931.355024,66
1781090931.3550477,2962
1781090931.3550346,66
1781090931.35505,66
1781090931.3550518,2962
1781090931.3709543,2962
1781090931.374055,2962
1781090931.38836,66
1781090931.3883774,66
1781090931.3883789,2962
1781090931.3884435,2962
1781090931.4063818,66
1781090931.4064069,66
1781090931.4063976,2962
1781090931.409635,1514
1781090931.4151359,2962
1781090931.4235222,66
1781090931.423593,66
1781090931.4235945,66
1781090931.4238806,1514
1781090931.431268,2962
1781090931.4326684,2962
1781090931.4485464,2962
1781090931.4494836,2962
1781090931.4656377,66
1781090931.4660263,66
1781090931.46809,2962
1781090931.4680984,66
1781090931.4681044,2962
1781090931.4839654,66
1781090931.4839787,66
1781090931.4839737,66
1781090931.4861252,66
1781090931.486227,2962
1781090931.4969106,2962
1781090931.5021377,2962
1781090931.5055783,2962
1781090931.5188951,66
1781090931.5189002,2962
1781090931.5227675,66
1781090931.5228205,66
1781090931.5228221,66
1781090931.531444,2962
1781090931.536087,66
1781090931.5369744,66
1781090931.53698,2962
1781090931.5405347,66
1781090931.5541053,2962
1781090931.5593529,2962
1781090931.567852,66
1781090931.5678625,66
1781090931.5711524,66
1781090931.5711586,66
1781090931.571249,2962
1781090931.5734527,2962
1781090931.5859954,2962
1781090931.5890384,74
1781090931.5890436,2962
1781090931.6026175,66
1781090931.602626,2962
1781090931.6061025,66
1781090931.6068413,2962
1781090931.6199732,2962
1781090931.6243687,66
1781090931.6244366,66
1781090931.624438,2962
1781090931.6369064,66
1781090931.63761,74
1781090931.6376207,2962
1781090931.6413894,2962
1781090931.6555107,66
1781090931.6555212,66
1781090931.6555228,2962
1781090931.6594524,66
1781090931.6594608,2962
1781090931.6730711,66
1781090931.6750162,66
1781090931.677653,66
1781090931.6776683,2962
1781090931.6777937,66
1781090931.6895525,2962
1781090931.6932356,2962
1781090931.6978283,2962
1781090931.7116632,66
1781090931.7116735,66
1781090931.711677,2962
1781090931.7152483,2962
1781090931.7283452,2962
1781090931.731971,2962
1781090931.7453356,66
1781090931.7462175,66
1781090931.746223,2962
1781090931.7499964,66
1781090931.7500107,66
1781090931.750012,2962
1781090931.7637947,2962
1781090931.7666905,66
1781090931.7683275,2962
1781090931.780523,2962
1781090931.784158,66
1781090931.785673,1514
1781090931.7932231,2962
1781090931.7979615,66
1781090931.7980237,66
1781090931.798025,66
1781090931.7983043,2962
1781090931.8117754,66
1781090931.8117933,66
1781090931.8152435,2962
1781090931.8308067,1514
1781090931.84069,2962
1781090931.8409455,2962
1781090932.490413,66
1781090932.491956,66
1781090932.4919853,2962
1781090932.4904218,2962
1781090932.504026,2962
1781090932.5047364,1514
1781090932.5127404,2962
1781090932.5175855,66
1781090932.5204353,2962
1781090932.5268064,66
1781090932.526809,66
1781090932.5268104,66
1781090932.5268123,74
1781090932.526814,66
1781090932.526815,52
1781090932.526817,2962
1781090932.537346,66
1781090932.537377,66
1781090932.5373788,66
1781090932.544345,2962
1781090932.545768,66
1781090932.5474262,74
1781090933.4843423,2962
1781090933.4835303,2962
1781090933.500607,2962
1781090933.5012183,2962
1781090933.5109143,66
1781090933.5110345,66
1781090933.5109053,66
1781090933.51103,66
1781090933.5110312,66
1781090933.5110323,2962
1781090933.521525,2962
1781090933.531414,66
1781090933.5314102,2962
1781090933.5314517,2962
1781090933.544759,66
1781090933.5450513,66
1781090933.545606,66
1781090933.545611,2962
1781090933.5519722,2962
1781090933.5632253,2962
1781090933.5659904,66
1781090933.5660686,2962
1781090933.5802693,66
1781090933.5802717,66
1781090933.5817502,66
1781090933.5817451,2962
1781090933.582017,66
1781090933.5830183,66
1781090933.5830214,2962
1781090933.603851,2962
1781090933.6038744,2962
1781090933.6159523,2962
1781090933.6247106,66
1781090933.6266541,66
1781090933.6349895,66
1781090933.635002,66
1781090933.6350038,2962
1781090933.6350784,2962
1781090933.6452022,2962
1781090933.6541178,2962
1781090933.6604805,2962
1781090933.6668038,2962
1781090933.6776414,66
1781090933.6777837,2962
1781090933.6867547,2962
1781090933.6948802,66
1781090933.695201,2962
1781090933.707444,66
1781090933.70746,66
1781090933.7074614,2962
1781090933.7130303,66
1781090933.7131615,66
1781090933.7131643,2962
1781090933.7186785,66
1781090933.7189784,66
1781090933.7205172,2962
1781090933.7305279,66
1781090933.7305782,2962
1781090933.7380075,66
1781090933.7380106,2962
1781090933.7484794,66
1781090933.748483,66
1781090933.748484,2962
1781090933.7591548,2962
1781090933.7698348,2962
1781090933.77181,66
1781090933.7718122,66
1781090933.7718134,2962
1781090933.7907336,66
1781090933.791794,2962
1781090933.791847,66
1781090933.7918565,66
1781090933.791882,1514
1781090933.7953246,2962
1781090933.8080866,2962
1781090933.8118412,2962
1781090933.8247867,66
1781090933.824797,66
1781090933.8247976,2962
1781090933.8287654,66
1781090933.8287678,2962
1781090933.8438146,66
1781090933.843811,66
1781090933.8439038,2962
1781090933.84425,2962
1781090933.8641922,66
1781090933.864205,66
1781090933.8641832,66
1781090933.864186,2962
1781090933.8642657,2962
1781090933.8767614,66
1781090933.876765,66
1781090933.8767667,2962
1781090933.8790994,2962
1781090933.8957536,2962
1781090933.8976684,66
1781090933.9044712,66
1781090933.9165757,66
1781090933.916591,66
1781090933.9165916,2962
1781090933.9167607,2962
1781090933.9272017,66
1781090933.9272287,2962
1781090933.9308624,66
1781090933.9308674,2962
1781090933.9424567,66
1781090933.9454076,2962
1781090933.9468477,66
1781090933.9470022,2962
1781090933.9658613,66
1781090933.9658394,66
1781090933.965881,2962
1781090933.9658515,2962
1781090933.9778662,2962
1781090933.9808795,2962
1781090933.995134,66
1781090933.9952817,66
1781090933.9998882,66
1781090933.999891,2962
1781090934.0204608,66
1781090934.0204642,66
1781090934.0204663,2962
1781090934.0240786,2962
1781090934.0326312,66
1781090934.0326328,66
1781090934.0326276,2962
1781090934.0363219,2962
1781090934.051403,66
1781090934.0514019,66
1781090934.0514128,2962
1781090934.063706,66
1781090934.072024,2962
1781090934.0721505,2962
1781090934.0927532,2962
1781090934.092835,2962
1781090934.1033256,66
1781090934.1033711,2962
1781090934.1033027,66
1781090934.1033115,66
1781090934.1033134,66
1781090934.1033149,1514
1781090934.1107364,2962
1781090934.1191752,2962
1781090934.1341417,1514
1781090934.1356,66
1781090934.1359873,2962
1781090934.1362226,2962
1781090934.1548676,66
1781090934.155687,66
1781090934.1548724,2962
1781090934.15576,66
1781090934.155782,66
1781090934.1806192,66
1781090934.1806393,66
1781090934.1806407,2962
1781090934.180686,66
1781090934.1807854,66
1781090934.185883,2962
1781090934.1897552,66
1781090934.190489,2962
1781090934.194078,2962
1781090934.2070427,66
1781090934.2074223,66
1781090934.2080092,2962
1781090934.2111347,2962
1781090934.2255394,2962
1781090934.228799,1514
1781090934.2367287,2962
1781090934.2422733,2962
1781090934.2536974,2962
1781090934.2590318,66
1781090934.2594311,66
1781090934.2602115,2962
1781090934.2711859,2962
1781090934.277232,2962
1781090934.288234,66
1781090934.2883081,66
1781090934.2887337,2962
1781090934.2940087,66
1781090934.2940762,66
1781090934.2945974,2962
1781090934.3063846,66
1781090934.3064954,66
1781090934.3064973,66
1781090934.3071902,2962
1781090934.3136566,66
1781090934.3137624,66
1781090934.3137636,66
1781090934.3137653,2962
1781090934.324183,66
1781090934.324255,66
1781090934.3245475,2962
1781090934.331549,66
1781090934.3316097,66
1781090934.3316112,2962
1781090934.3421707,66
1781090934.3422785,1514
1781090934.3481302,66
1781090934.3481362,2962
1781090934.3505044,2962
1781090934.3658502,1514
1781090934.367561,2962
1781090934.3741984,2962
1781090934.3847203,66
1781090934.386254,66
1781090934.3863068,2962
1781090934.3919802,1514
1781090934.4002066,2962
1781090934.4044511,66
1781090934.4045072,66
1781090934.4045084,66
1781090934.4153337,2962
1781090934.4177244,66
1781090934.4177372,66
1781090934.4177382,66
1781090934.4177399,2962
1781090934.4238594,66
1781090934.4238677,2962
1781090934.4345744,2962
1781090934.441523,2962
1781090934.451968,2962
1781090934.4580324,66
1781090934.459213,66
1781090934.4592638,2962
1781090934.4691415,66
1781090934.4691691,66
1781090934.4691703,2962
1781090934.475676,66
1781090934.4771528,2962
1781090934.4877963,1514
1781090934.493249,66
1781090934.494299,2962
1781090934.4952435,2962
1781090934.5113606,66
1781090934.5114985,66
1781090934.51315,66
1781090934.5131524,2962
1781090934.5132046,66
1781090934.5161097,2962
1781090934.5300736,66
1781090934.5313804,66
1781090934.5313852,2962
1781090934.5314822,2962
1781090935.489743,66
1781090935.4885707,66
1781090935.48971,2962
1781090935.489771,66
1781090935.4985049,2962
1781090935.499135,66
1781090935.515158,66
1781090935.5154448,66
1781090935.515933,52
1781090935.515938,2962
1781090935.5314133,2962
1781090935.5333192,2962
1781090935.539916,66
1781090935.539936,2962
1781090935.5506873,66
1781090935.5506923,2962
1781090935.5716507,66
1781090935.5716558,1514
1781090935.5733826,2962
1781090935.5772636,66
1781090935.5772662,2962
1781090935.5821967,66
1781090935.5822008,1514
1781090935.5926738,2962
1781090935.5940483,2962
1781090935.6137064,2962
1781090935.6138017,2962
1781090936.4964545,66
1781090936.4964783,2962
1781090936.4945068,66
1781090936.495975,66
1781090936.4959772,2962
1781090936.5048313,66
1781090936.5048354,66
1781090936.5063267,66
1781090936.5063677,66
1781090936.5063713,1514
1781090936.506335,2962
1781090936.5148752,66
1781090936.514882,2962
1781090936.523291,66
1781090936.5233254,2962
1781090936.5338142,2962
1781090936.5403051,66
1781090936.5403392,2962
1781090936.5501425,66
1781090936.5501606,66
1781090936.5501647,2962
1781090936.5573103,52
1781090936.5573397,66
1781090936.558556,2962
1781090936.5678897,66
1781090936.567913,2962
1781090936.5755992,2962
1781090936.5898921,66
1781090936.5899365,66
1781090936.5899377,2962
1781090936.593361,66
1781090936.5933642,2962
1781090936.602129,66
1781090936.603331,2962
1781090936.609541,2962
1781090936.6194823,2962
1781090936.6267352,1514
1781090936.635412,66
1781090936.6354141,66
1781090936.6362193,2962
1781090936.6362147,66
1781090936.6362166,2962
1781090936.6531892,66
1781090936.6537526,66
1781090936.6537569,66
1781090936.65381,66
1781090936.6538115,2962
1781090936.6548834,66
1781090936.6548862,66
1781090936.6548877,2962
1781090936.6710532,2962
1781090936.6724596,66
1781090936.672537,2962
1781090936.6880245,66
1781090936.689668,66
1781090936.6896691,2962
1781090936.689664,66
1781090936.6896653,2962
1781090936.7059255,2962
1781090936.7076883,66
1781090936.707693,66
1781090936.723921,2962
1781090936.7310905,2962
1781090936.7397704,66
1781090936.740068,2962
1781090936.7402534,2962
1781090936.7566946,2962
1781090936.7574127,66
1781090936.7577908,66
1781090936.7580762,2962
1781090936.775449,66
1781090936.7754757,2962
1781090936.775458,66
1781090936.7754774,2962
1781090936.795709,66
1781090936.7957733,66
1781090936.795775,66
1781090936.7957196,66
1781090936.7957766,66
1781090936.795778,2962
1781090936.795841,2962
1781090937.4862905,66
1781090937.4872262,2962
1781090937.486382,1514
1781090937.4872322,2962
1781090938.4842286,66
1781090938.4836938,2962
1781090938.4916322,2962
1781090938.4919536,2962
1781090938.5007234,2962
1781090938.5091338,2962
1781090938.5172408,66
1781090938.5173244,66
1781090938.517801,74
1781090938.5181992,66
1781090938.51887,2962
1781090938.5267289,66
1781090938.5267317,66
1781090938.526733,66
1781090938.528442,66
1781090938.5284443,66
1781090938.528446,1514
1781090938.5355866,66
1781090938.5357249,2962
1781090938.537346,2962
1781090938.553358,2962
1781090938.5534317,2962
1781090938.5705128,66
1781090938.5705967,66
1781090938.5705984,2962
1781090938.5706022,66
1781090938.5707173,52
1781090938.571504,66
1781090938.5723968,2962
1781090938.5883324,66
1781090938.5885785,66
1781090938.5886424,2962
1781090938.5956907,66
1781090938.6059453,66
1781090938.6059484,66
1781090938.6072052,2962
1781090938.6108418,2962
1781090938.6235576,2962
1781090938.6235843,66
1781090938.6362774,2962
1781090938.6465008,66
1781090938.6465042,2962
1781090938.6465452,2962
1781090938.6588511,66
1781090938.6588745,2962
1781090938.6626081,66
1781090938.662709,2962
1781090938.6760206,2962
1781090938.6794503,2962
1781090938.6930828,2962
1781090938.6966794,66
1781090938.6967504,66
1781090938.6967523,2962
1781090938.709607,66
1781090938.7096658,66
1781090938.7126973,74
1781090938.7127006,2962
1781090938.7152402,2962
1781090938.7293189,2962
1781090938.7327223,66
1781090938.7329392,66
1781090938.7329419,2962
1781090938.7447827,2962
1781090938.7493582,66
1781090938.749436,66
1781090938.7494383,2962
1781090938.7621934,66
1781090938.762198,66
1781090938.764103,66
1781090938.7641091,2962
1781090938.7671866,66
1781090938.7672756,2962
1781090938.7813292,66
1781090938.781334,1514
1781090938.784673,66
1781090938.784676,2962
1781090938.790463,2962
1781090938.8028638,2962
1781090938.8067527,66
1781090938.8067539,2962
1781090938.8191028,66
1781090938.8191066,66
1781090938.819108,2962
1781090938.823307,2962
1781090938.839487,2962
1781090938.841272,66
1781090938.8412757,2962
1781090938.8531692,66
1781090938.8538055,66
1781090938.8538082,1514
1781090938.8578346,66
1781090938.858821,2962
1781090938.8631501,2962
1781090938.8771937,66
1781090938.8772092,2962
1781090938.8795495,2962
1781090938.8928595,2962
1781090938.8970928,2962
1781090938.9104912,66
1781090938.9104946,66
1781090938.9104962,2962
1781090938.9139733,66
1781090938.914057,66
1781090938.9156775,66
1781090938.9157586,66
1781090938.9157605,2962
1781090938.9281936,66
1781090938.928197,2962
1781090938.9335985,2962
1781090938.9454813,66
1781090938.9454842,66
1781090938.9454858,1514
1781090938.9497194,2962
1781090938.9546678,2962
1781090938.9663556,66
1781090938.9667263,66
1781090938.9670682,2962
1781090938.9724045,66
1781090938.9724085,66
1781090938.9724104,2962
1781090938.9845777,2962
1781090938.989419,2962
1781090939.001479,66
1781090939.0015624,66
1781090939.0031054,2962
1781090939.0073156,2962
1781090939.019043,66
1781090939.0191243,66
1781090939.0212526,66
1781090939.0213993,66
1781090939.024024,66
1781090939.0240295,66
1781090939.0240316,2962
1781090939.0306454,2962
1781090939.041721,2962
1781090939.0417762,66
1781090939.0504012,2962
1781090939.0579252,66
1781090939.0595005,2962
1781090939.0595293,66
1781090939.0665748,66
1781090939.069233,2962
1781090939.075872,66
1781090939.0758758,1514
1781090939.078612,2962
1781090939.085233,2962
1781090939.0955083,66
1781090939.095511,2962
1781090939.101964,66
1781090939.101968,2962
1781090939.1123586,2962
1781090939.1192935,66
1781090939.119297,2962
1781090939.1291194,1514
1781090939.1362865,66
1781090939.1366272,2962
1781090939.1403284,66
1781090939.1409023,66
1781090939.1409051,2962
1781090939.154036,2962
1781090939.1574972,66
1781090939.157563,2962
1781090939.1707435,66
1781090939.1710896,2962
1781090939.1735408,66
1781090939.1736438,66
1781090939.173646,2962
1781090939.1951928,2962
1781090939.195188,2962
1781090939.2054923,66
1781090939.2054937,66
1781090939.2158203,66
1781090939.2165263,66
1781090939.216529,2962
1781090939.2158117,2962
1781090939.226213,2962
1781090939.2263494,66
1781090939.2372773,66
1781090939.2374353,2962
1781090939.247024,66
1781090939.2470548,66
1781090939.2470562,1514
1781090939.2473626,66
1781090939.2536561,66
1781090939.253658,66
1781090939.2536597,2962
1781090939.2537065,2962
1781090939.2682416,66
1781090939.2682822,66
1781090939.2682836,2962
1781090939.2782433,2962
1781090939.288535,66
1781090939.2885458,2962
1781090939.2887044,66
1781090939.2887068,2962
1781090939.3094406,66
1781090939.3094387,66
1781090939.3094778,2962
1781090939.3195593,66
1781090939.3195643,66
1781090939.3236349,2962
1781090939.3300908,66
1781090939.3402133,66
1781090939.3402286,66
1781090939.3402295,2962
1781090939.340511,2962
1781090939.479902,66
1781090939.4799225,2962
1781090939.4800496,2962
1781090939.4965177,66
1781090939.4966295,2962
1781090939.4964533,66
1781090939.496496,66
1781090939.4964983,66
1781090939.4964995,2962
1781090939.5060272,2962
1781090939.5066187,1514
1781090939.51683,2962
1781090939.5271811,66
1781090939.5272121,66
1781090940.4694417,2962
1781090940.470307,66
1781090940.4703197,66
1781090940.4759736,2962
1781090940.4777515,2962
1781090940.4847448,874
1781090940.4889653,66
1781090940.4948864,2962
1781090940.4994316,2962
1781090940.509145,66
1781090940.5116866,2962
1781090940.5116963,66
1781090940.5133996,66
1781090940.51344,66
1781090940.5134418,66
1781090940.513445,1514
1781090940.5218422,2962
1781090940.525338,78
1781090940.5253446,66
1781090940.5258126,66
1781090940.5399575,74
1781090940.5400116,2962
1781090940.540143,1514
1781090940.550505,66
1781090940.5600388,2962
1781090940.5602515,66
1781090940.570669,66
1781090940.5761845,66
1781090940.576277,66
1781090940.576279,52
1781090940.57628,66
1781090940.5762808,74
1781090940.5762823,1514
1781090940.5766816,66
1781090940.579323,2962
1781090940.6050732,2962
1781090940.6052957,2962
1781090940.6135771,66
1781090940.6135743,66
1781090940.613591,66
1781090940.6142867,74
1781090940.61429,2962
1781090940.6167393,74
1781090940.621664,2962
1781090940.6325307,2962
1781090940.6325262,2962
1781090940.6483207,2962
1781090940.6500611,66
1781090940.6500764,1514
1781090940.659175,2962
1781090940.6653893,2962
1781090940.6750796,2962
1781090940.6860971,66
1781090940.6861,66
1781090940.6861017,66
1781090940.6861036,2962
1781090940.694184,2962
1781090940.7024562,66
1781090940.702458,66
1781090940.7024598,2962
1781090940.7089992,66
1781090940.70947,66
1781090940.709473,66
1781090940.7115052,1514
1781090940.719402,2962
1781090940.7193937,78
1781090940.7193952,66
1781090940.719396,66
1781090940.7193975,2962
1781090940.7386599,2962
1781090940.7386632,2962
1781090940.752711,66
1781090940.7537074,66
1781090940.7537112,66
1781090940.7537127,2962
1781090940.753717,66
1781090940.7537196,2962
1781090940.771187,66
1781090940.7711937,66
1781090940.7715282,2962
1781090940.7738523,2962
1781090940.7888584,54
1781090940.7889392,66
1781090940.7888565,2962
1781090940.7894013,66
1781090940.7895062,66
1781090940.801585,66
1781090940.8034134,2962
1781090940.805412,66
1781090940.805424,66
1781090940.8087466,1514
1781090940.8143675,1514
1781090940.8230631,2962
1781090940.8263314,1514
1781090940.8263342,2962
1781090940.8429484,2962
1781090940.8434117,66
1781090940.8435867,66
1781090940.846851,2962
1781090940.8579843,2962
1781090940.8622944,66
1781090940.8623037,66
1781090940.8735962,2962
1781090940.8755727,2962
1781090940.8826241,2962
1781090940.8937514,66
1781090940.893792,66
1781090940.8937929,66
1781090940.893794,66
1781090940.893796,66
1781090940.8937974,2962
1781090940.8989413,2962
1781090940.910376,2962
1781090940.916022,2962
1781090940.9273374,1514
1781090940.9330654,66
1781090940.933202,66
1781090940.9342918,66
1781090940.9343727,2962
1781090940.9357822,2962
1781090940.9562547,66
1781090940.956332,66
1781090940.9564111,2962
1781090940.9564998,66
1781090940.984335,2962
1781090940.9844317,66
1781090940.9844337,66
1781090940.9847388,2962
1781090940.9927802,66
1781090940.992812,66
1781090941.4782295,2962
1781090941.478227,66
1781090941.478348,2962
1781090942.2771385,66
1781090942.2771409,66
1781090942.277142,66
1781090942.2771435,2962
1781090942.2780359,66
1781090942.2781324,66
1781090942.2783089,2962
1781090942.287471,2962
1781090942.2874672,2962
1781090942.304568,66
1781090942.304672,2962
1781090942.304565,2962
1781090942.3282483,2962
1781090942.3282456,2962
1781090942.338238,66
1781090942.3382401,66
1781090942.3382423,66
1781090942.3389006,1514
1781090942.3389058,66
1781090942.3394036,2962
1781090942.3478029,2962
1781090942.359075,2962
1781090942.4830897,66
1781090942.4831328,66
1781090942.4831345,66
1781090942.4831357,66
1781090942.483114,66
1781090942.4831467,2962
1781090942.4835184,2962
1781090942.4923573,66
1781090942.4923782,1514
1781090942.4933257,2962
1781090942.5005639,2962
1781090942.5105696,66
1781090942.5105863,2962
1781090942.5178244,1514
1781090942.5275974,66
1781090942.5276,78
1781090942.5275888,66
1781090942.5275931,2962
1781090942.528414,2962
1781090942.5465314,66
1781090942.546558,2962
1781090942.546528,66
1781090942.5465562,2962
1781090942.5617528,66
1781090942.5617545,2962
1781090942.5667381,78
1781090942.5667567,2962
1781090942.5789437,66
1781090942.5789464,66
1781090942.5795813,66
1781090942.5795841,2962
1781090942.5813656,66
1781090942.5813892,2962
1781090942.5966282,2962
1781090942.60152,66
1781090942.6015549,66
1781090942.601557,66
1781090942.610285,66
1781090942.6140492,2962
1781090942.6203692,2962
1781090942.6317205,2962
1781090942.638189,66
1781090942.6480706,66
1781090942.6482065,2962
1781090942.65025,2962
1781090942.660305,66
1781090942.660313,2962
1781090942.66532,2962
1781090942.676322,2962
1781090942.682679,1514
1781090942.6932547,2962
1781090942.6932373,2962
1781090942.7079968,66
1781090942.7086384,66
1781090942.708641,66
1781090942.7088058,2962
1781090942.710387,2962
1781090942.7261715,66
1781090942.7264662,2962
1781090942.7273338,66
1781090942.7273438,66
1781090942.7277799,66
1781090942.7286227,66
1781090942.7286332,66
1781090942.729362,2962
1781090942.7440863,2962
1781090942.7461581,66
1781090942.7556188,2962
1781090942.7611566,66
1781090942.7611728,66
1781090942.761174,2962
1781090942.7653933,2962
1781090942.77843,66
1781090942.7787645,2962
1781090942.7812538,2962
1781090942.7959902,66
1781090942.7959924,66
1781090942.7965536,66
1781090942.7970204,2962
1781090942.798087,66
1781090942.7987134,66
1781090942.7987154,2962
1781090942.814232,1514
1781090942.8167682,2962
1781090942.8271837,2962
1781090942.8330195,66
1781090942.8330305,2962
1781090942.8397033,2962
1781090942.8503642,66
1781090942.85091,1514
1781090942.8569932,2962
1781090942.8590808,2962
1781090942.874427,66
1781090942.8744369,66
1781090942.8744388,2962
1781090942.8772569,66
1781090942.8772676,66
1781090942.8772688,66
1781090942.8772707,2962
1781090942.8993437,66
1781090942.899342,66
1781090942.8993633,66
1781090942.8993647,66
1781090942.8993657,2962
1781090942.89946,66
1781090942.8994713,66
1781090942.8994918,2962
1781090942.909628,2962
1781090942.9126532,2962
1781090942.9306,1514
1781090942.9307663,2962
1781090942.9357133,2962
1781090942.9468818,66
1781090942.9617107,66
1781090942.9618223,2962
1781090942.961916,2962
1781090942.9704013,66
1781090942.9704049,66
1781090942.970407,66
1781090942.970499,66
1781090942.9711409,66
1781090942.9721727,2962
1781090942.9754527,66
1781090942.9822164,66
1781090942.9886627,66
1781090942.9886687,2962
1781090942.9887722,66
1781090943.0065136,2962
1781090943.016889,2962
1781090943.0230484,2962
1781090943.0252428,66
1781090943.0259643,2962
1781090943.0441036,2962
1781090943.0442562,66
1781090943.0442855,2962
1781090943.05718,66
1781090943.0574577,66
1781090943.0578678,2962
1781090943.0612447,2962
1781090943.0751498,66
1781090943.0751538,66
1781090943.075816,2962
1781090943.0769136,2962
1781090943.1065726,66
1781090943.1065638,66
1781090943.1066372,1514
1781090943.106639,52
1781090943.107276,2962
1781090943.1073496,2962
1781090943.115694,66
1781090943.1161509,66
1781090943.1161642,2962
1781090943.1246984,66
1781090943.124705,2962
1781090943.1371796,66
1781090943.137266,66
1781090943.137267,2962
1781090943.1414573,66
1781090943.1426058,2962
1781090943.1579418,66
1781090943.1580176,2962
1781090943.158843,66
1781090943.1594331,2962
1781090943.4778109,66
1781090943.4778838,2962
1781090944.4881423,2962
1781090944.485403,66
1781090944.4881244,2962
1781090944.4970806,2962
1781090944.497079,66
1781090944.49712,66
1781090944.497122,2962
1781090944.5136056,2962
1781090944.514472,2962
1781090944.5308752,66
1781090944.5309813,66
1781090944.5319386,2962
1781090944.531933,66
1781090944.5319347,66
1781090944.5319362,2962
1781090944.5486584,66
1781090944.548672,66
1781090944.5503492,1514
1781090944.5503466,66
1781090944.550379,66
1781090944.5503802,1514
1781090944.5586314,2962
1781090944.5586362,2962
1781090944.5775313,66
1781090944.5775666,2962
1781090944.5775435,2962
1781090944.5931633,66
1781090944.5931814,66
1781090944.5931823,66
1781090944.5931833,2962
1781090944.5931685,66
1781090944.593187,66
1781090944.5931885,2962
1781090944.6108155,2962
1781090944.6108122,2962
1781090944.632732,2962
1781090944.63273,2962
1781090944.6453652,66
1781090944.6454422,66
1781090944.6454437,2962
1781090944.6453633,66
1781090944.645441,2962
1781090944.663749,66
1781090944.6638446,66
1781090944.6637447,66
1781090944.6639032,66
1781090944.6638436,2962
1781090944.6845098,2962
1781090944.6847193,2962
1781090944.6931977,2962
1781090944.696632,2962
1781090944.7154942,1514
1781090944.7155688,66
1781090944.7155766,66
1781090944.7155778,66
1781090944.7155786,2962
1781090944.7187312,2962
1781090945.479244,2962
1781090945.4793272,66
1781090945.4793549,2962
1781090945.7178512,66
1781090945.7190032,2962
1781090945.7189484,66
1781090945.7190077,66
1781090945.7190094,2962
1781090945.733166,66
1781090945.7331731,66
1781090945.733175,66
1781090945.7331784,70
1781090945.7331812,2962
1781090945.73337,2962
1781090946.480515,66
1781090946.4805603,2962
1781090946.4805102,2962
1781090947.4768612,66
1781090947.4769628,2962
1781090947.4768584,66
1781090947.4769595,66
1781090947.4769607,1514
1781090947.477397,2962
1781090947.4879203,2962
1781090947.4974651,66
1781090947.4974668,66
1781090947.4974687,2962
1781090948.482826,66
1781090948.4829533,66
1781090948.482955,2962
1781090948.4829292,66
1781090948.48296,1514
1781090948.4829607,2962
1781090948.500613,66
1781090948.5006163,2962
1781090948.5006292,52
1781090948.500631,2962
1781090948.5091364,2962
1781090948.5181558,66
1781090948.518158,2962
1781090948.526549,1514
1781090948.5363882,66
1781090948.5365365,1514
1781090948.5363984,66
1781090948.5365386,1514
1781090948.5464785,66
1781090948.5465052,66
1781090948.5465064,66
1781090948.5465078,66
1781090948.5465088,74
1781090948.5465095,74
1781090948.5465105,2962
1781090948.546495,2962
1781090948.5618417,66
1781090948.5618691,66
1781090948.5618706,2962
1781090948.5636988,66
1781090948.563702,2962
1781090948.5785377,52
1781090948.5789347,66
1781090948.580303,66
1781090948.580309,1514
1781090948.580595,66
1781090948.5808694,66
1781090948.585404,78
1781090948.5890906,66
1781090948.5891037,2962
1781090948.5906265,122
1781090948.5962033,66
1781090948.5985603,66
1781090948.60128,1514
1781090948.601284,2962
1781090948.656444,66
1781090948.6566103,2962
1781090948.6564803,2962
1781090948.6654606,66
1781090948.6654644,2962
1781090948.6783984,66
1781090948.7004588,2962
1781090948.7005126,2962
1781090948.7092679,2962
1781090948.7092633,2962
1781090948.7258577,2962
1781090948.7258527,2962
1781090948.7485895,66
1781090948.7486115,66
1781090948.7485883,66
1781090948.7486544,66
1781090948.7486084,66
1781090948.7486095,66
1781090948.7486105,2962
1781090948.7600563,2962
1781090948.760979,66
1781090948.7612386,78
1781090948.7617521,2962
1781090948.7684047,2962
1781090948.7793183,2962
1781090948.786266,2962
1781090948.796322,78
1781090948.7963815,66
1781090948.798086,2962
1781090948.8023615,66
1781090948.8032365,66
1781090948.8032463,2962
1781090948.814356,66
1781090948.814419,74
1781090948.8144212,74
1781090948.8150485,66
1781090948.8156488,66
1781090948.8156507,66
1781090948.8164103,2962
1781090948.8247356,66
1781090948.8260517,66
1781090948.8260543,2962
1781090948.8336208,2962
1781090948.8383603,2962
1781090948.8501399,2962
1781090948.8550792,2962
1781090948.8672726,66
1781090948.8673956,66
1781090948.8707607,2962
1781090948.8734832,66
1781090948.8735025,66
1781090948.873504,66
1781090948.8735049,66
1781090948.8735058,66
1781090948.8740609,2962
1781090948.8849776,66
1781090948.8864489,2962
1781090948.8909352,66
1781090948.8914914,2962
1781090948.902775,66
1781090948.9027853,66
1781090948.90321,2962
1781090948.9085894,2962
1781090948.920187,2962
1781090948.9256012,66
1781090948.9256623,66
1781090948.9276497,2962
1781090948.9395,2962
1781090948.9436758,1514
1781090948.9520948,2962
1781090948.9545615,66
1781090948.9545681,66
1781090948.9559057,2962
1781090948.9704812,2962
1781090948.972175,66
1781090948.9742963,1514
1781090948.981526,2962
1781090948.986399,66
1781090948.9865015,66
1781090948.9865031,66
1781090948.9869597,2962
1781090948.9980805,66
1781090948.9986281,2962
1781090949.0043948,2962
1781090949.015734,2962
1781090949.0214083,66
1781090949.0214255,2962
1781090949.0325735,66
1781090949.0337925,1514
1781090949.0389209,66
1781090949.0389302,2962
1781090949.0419333,66
1781090949.0419471,2962
1781090949.0560446,66
1781090949.0572,66
1781090949.057209,66
1781090949.0572102,66
1781090949.057613,66
1781090949.0611563,2962
1781090949.0611658,2962
1781090949.0748312,2962
1781090949.0762403,66
1781090949.07625,1514
1781090949.0847144,2962
1781090949.0922875,2962
1781090949.1028056,66
1781090949.1028142,66
1781090949.1028152,66
1781090949.102816,2962
1781090949.1094465,66
1781090949.1095161,66
1781090949.1185305,66
1781090949.1199908,2962
1781090949.125887,2962
1781090949.135463,66
1781090949.1370306,66
1781090949.1383524,66
1781090949.138359,2962
1781090949.1385586,66
1781090949.141295,2962
1781090949.1529179,2962
1781090949.1571767,2962
1781090949.1694546,66
1781090949.1694672,2962
1781090949.1722636,66
1781090949.172323,2962
1781090949.1863623,2962
1781090949.189846,66
1781090949.189854,2962
1781090949.2036815,66
1781090949.2036965,66
1781090949.2053745,66
1781090949.2071664,66
1781090949.2071683,66
1781090949.2072403,2962
1781090949.20758,66
1781090949.208048,2962
1781090949.2216523,66
1781090949.222945,2962
1781090949.2248712,66
1781090949.2257771,2962
1781090949.2401783,2962
1781090949.2424102,2962
1781090949.2561984,66
1781090949.2597969,2962
1781090949.2599342,66
1781090949.2764065,66
1781090949.2775736,66
1781090949.2775834,2266
1781090949.2777083,2962
1781090949.2947528,66
1781090949.2948008,66
1781090949.2947779,66
1781090949.2947888,2962
1781090949.315685,66
1781090949.315729,2962
1781090949.3157518,66
1781090949.3168714,2962
1781090949.3259633,1514
1781090949.3266566,2962
1781090949.3367927,2962
1781090949.3454661,2962
1781090949.3575745,66
1781090949.3575768,66
1781090949.3575778,2962
1781090949.3598006,66
1781090949.3598106,66
1781090949.3598118,70
1781090949.3641522,66
1781090949.3641536,66
1781090949.3641546,66
1781090949.364156,2962
1781090949.368593,2962
1781090949.3843782,2962
1781090949.3854475,2962
1781090949.3957672,66
1781090949.3957691,2962
1781090949.402524,2962
1781090949.4132185,66
1781090949.4132285,66
1781090949.413817,66
1781090949.4138224,66
1781090949.4144483,1514
1781090949.420061,66
1781090949.4200833,2962
1781090949.4242373,2962
1781090949.4371808,66
1781090949.4375253,66
1781090949.4382193,66
1781090949.4382253,66
1781090949.4386632,66
1781090949.4750504,2962
1781090949.4750578,2962
1781090949.4834397,1514
1781090949.4835844,2962
1781090949.4919817,2962
1781090949.5013683,66
1781090949.5013726,66
1781090949.5013738,66
1781090949.5013762,2962
1781090949.5088327,66
1781090949.509544,66
1781090949.5095468,66
1781090949.510222,2962
1781090949.5187404,2962
1781090949.527389,2962
1781090949.5358064,2962
1781090949.5442832,66
1781090949.5443,2962
1781090949.552856,2962
1781090949.5614698,66
1781090949.5639222,66
1781090949.5640411,2962
1781090949.5700965,66
1781090949.5701056,66
1781090949.5704942,1514
1781090949.5792286,66
1781090949.5792267,2962
1781090949.579927,2962
1781090949.5961928,52
1781090949.5961988,2962
1781090949.5966845,66
1781090949.6159,66
1781090949.6160617,66
1781090949.6160636,1514
1781090949.6166813,66
1781090949.6230934,2962
1781090949.6320932,2962
1781090949.6401272,2962
1781090949.6406019,2962
1781090949.6575344,66
1781090949.6575506,1514
1781090949.6575289,2962
1781090949.668908,2962
1781090949.67419,2962
1781090949.6898346,66
1781090949.6898625,2962
1781090949.691112,66
1781090949.6911213,66
1781090949.6914132,66
1781090949.691908,66
1781090949.7003248,74
1781090949.700338,2962
1781090949.7012208,2962
1781090949.7099478,66
1781090949.7099502,74
1781090949.7108686,66
1781090949.7108703,66
1781090949.7114053,66
1781090949.711643,2962
1781090949.7177608,2962
1781090949.7313037,2962
1781090949.7349188,66
1781090949.7351913,66
1781090949.7362263,66
1781090949.736229,2962
1781090949.7458367,66
1781090949.746579,2962
1781090949.7627103,1514
1781090949.7629764,2962
1781090949.76306,66
1781090949.7638102,2962
1781090949.7809148,66
1781090949.780917,74
1781090949.7809184,66
1781090949.780919,66
1781090949.78092,74
1781090949.7809346,2962
1781090949.782237,2962
1781090949.7978213,66
1781090949.797927,2962
1781090949.7986894,66
1781090949.7986984,2962
1781090949.816215,2962
1781090949.8162105,1514
1781090949.823997,2962
1781090949.8333104,66
1781090949.8333197,66
1781090949.83383,66
1781090949.8446932,66
1781090949.8446946,66
1781090949.8446953,66
1781090949.844696,2962
1781090949.8448153,66
1781090949.8448641,2962
1781090949.8550012,66
1781090949.8550222,66
1781090949.8550296,2962
1781090949.8587139,66
1781090949.8592546,1514
1781090949.868462,1514
1781090949.8715837,66
1781090949.8715935,2962
1781090949.8763583,66
1781090949.876813,2962
1781090949.8895228,66
1781090949.8895936,66
1781090949.889595,1514
1781090949.8963165,2962
1781090949.89819,2962
1781090949.917898,66
1781090949.9178944,2962
1781090949.918148,2962
1781090949.9280853,66
1781090949.9280941,2962
1781090950.4896588,2962
1781090950.4896781,2962
1781090950.4983926,66
1781090950.498407,2962
1781090950.4984016,2962
1781090950.5209792,66
1781090950.5209963,2962
1781090950.5209768,2962
1781090950.5322313,2962
1781090950.5338218,66
1781090950.5338328,66
1781090950.5338347,2962
1781090950.56264,2962
1781090950.562638,66
1781090950.562652,66
1781090950.562653,66
1781090950.5626538,66
1781090950.5626557,2962
1781090950.5730212,66
1781090950.573283,2962
1781090950.5730355,2962
1781090950.5937612,66
1781090950.5937731,2962
1781090950.5954149,66
1781090950.6043797,2962
1781090950.6146939,66
1781090950.6147037,2962
1781090950.6148484,2962
1781090950.6251724,2962
1781090950.635558,66
1781090950.6356544,66
1781090950.635656,66
1781090950.635823,66
1781090950.6457975,66
1781090950.6458635,66
1781090950.6458645,1514
1781090950.6478093,2962
1781090950.6500719,2962
1781090950.656284,2962
1781090950.6674547,66
1781090950.667461,66
1781090950.6687257,2962
1781090950.673398,66
1781090950.6734066,66
1781090950.6852326,2962
1781090950.685411,66
1781090950.6908402,2962
1781090950.699435,1514
1781090950.7029407,66
1781090950.7029471,66
1781090950.702949,66
1781090950.7071795,1514
1781090950.708391,2962
1781090950.7129638,66
1781090950.7130837,2962
1781090950.7248795,2962
1781090950.7296624,66
1781090950.7296643,66
1781090950.7302117,2962
1781090950.7500703,66
1781090950.750105,66
1781090950.7501066,66
1781090950.750108,2962
1781090950.750091,2962
1781090950.7604537,66
1781090950.7604702,66
1781090950.7716677,2962
1781090950.772806,2962
1781090950.7820811,2962
1781090950.7820551,66
1781090950.7820575,66
1781090950.7820597,2962
1781090950.7987316,2962
1781090950.7992558,2962
1781090951.4755173,66
1781090951.475539,66
1781090951.47554,66
1781090951.4755404,66
1781090951.475541,66
1781090951.475524,66
1781090951.4755433,66
1781090951.4755442,2962
1781090951.47568,2962
1781090951.4886246,2962
1781090951.488777,1514
1781090951.4989839,2962
1781090951.5094607,2962
1781090951.5199206,2962
1781090951.5199335,2962
1781090951.530478,66
1781090951.530491,66
1781090951.5306425,66
1781090951.5306575,66
1781090951.5412025,66
1781090951.5412817,66
1781090951.5412831,66
1781090951.541284,2962
1781090951.5413277,66
1781090951.5619702,2962
1781090951.572083,66
1781090951.5721078,2962
1781090951.5720913,66
1781090951.5720925,2962
1781090951.5831711,2962
1781090951.593285,66
1781090951.5940053,52
1781090951.5940084,66
1781090951.5940106,66
1781090951.5940135,2962
1781090951.5981257,2962
1781090951.6095114,1514
1781090952.4334822,2962
1781090952.433559,66
1781090952.4335604,2962
1781090952.4420545,66
1781090952.4420598,66
1781090952.4421172,2962
1781090952.4427688,66
1781090952.4427767,2962
1781090952.459629,2962
1781090952.4599667,66
1781090952.4603062,2962
1781090952.4766297,2962
1781090952.477911,66
1781090952.4779158,2962
1781090952.493408,66
1781090952.4942944,2962
1781090952.4954188,66
1781090952.495422,66
1781090952.4954228,66
1781090952.4971402,66
1781090952.5010931,2962
1781090952.5109954,66
1781090952.5110006,66
1781090952.511537,66
1781090952.512771,66
1781090952.512774,2962
1781090952.5135396,66
1781090953.4803903,2962
1781090953.478913,2962
1781090953.4892673,66
1781090953.4893093,2962
1781090953.4892876,66
1781090953.48929,2962
1781090953.5050294,66
1781090953.5050402,2962
1781090953.5066726,2962
1781090953.5225258,66
1781090953.522529,2962
1781090953.5240116,66
1781090953.5240235,66
1781090953.5240266,2962
1781090953.5394547,2962
1781090953.541136,2962
1781090953.5568094,2962
1781090953.5587323,66
1781090953.558738,2962
1781090953.57459,52
1781090953.574604,66
1781090953.574607,2962
1781090953.576055,2962
1781090953.5914023,2962
1781090953.5926065,66
1781090953.5926094,2962
1781090953.6086946,66
1781090953.6087017,66
1781090953.60915,2962
1781090953.610043,66
1781090953.610098,66
1781090953.6109247,1514
1781090953.619344,2962
1781090953.6338735,66
1781090953.633875,2962
1781090953.6365397,66
1781090953.6365435,2962
1781090953.6437407,66
1781090953.6437433,66
1781090953.6444602,66
1781090953.6444678,2962
1781090953.6549408,66
1781090953.6549435,66
1781090953.6549442,2962
1781090954.0243719,66
1781090954.0245817,66
1781090954.0246608,1514
1781090954.0246625,2962
1781090954.0249512,66
1781090954.0249853,1514
1781090954.0249865,2962
1781090954.0415862,2962
1781090954.042502,54
1781090954.0425196,2962
1781090954.0587437,2962
1781090954.0594454,66
1781090954.0599253,66
1781090954.0603383,66
1781090954.07586,2962
1781090954.0778866,66
1781090954.0829775,2962
1781090954.0915794,2962
1781090954.0940695,66
1781090954.094079,66
1781090954.0940814,2962
1781090954.1087987,2962
1781090954.1124465,1514
1781090954.120224,2962
1781090954.1304576,66
1781090954.1305199,2962
1781090954.138041,2962
1781090954.1441777,2962
1781090954.1535356,1514
1781090954.1603463,66
1781090954.1603544,66
1781090954.160357,66
1781090954.1615973,2962
1781090954.162394,66
1781090954.162411,66
1781090954.1624143,2962
1781090954.1789265,66
1781090954.1789362,66
1781090954.1804883,66
1781090954.1805117,66
1781090954.180515,2962
1781090954.1806228,66
1781090954.180706,66
1781090954.190781,2962
1781090954.200064,2962
1781090954.2001626,2962
1781090954.2153654,66
1781090954.2153845,2962
1781090954.2185,2962
1781090954.2342684,66
1781090954.2342637,66
1781090954.234292,66
1781090954.2343054,66
1781090954.2343078,66
1781090954.2343106,2962
1781090954.2445982,66
1781090954.2446256,2962
1781090954.2504728,2962
1781090954.2578936,66
1781090954.2686663,2962
1781090954.269595,2962
1781090954.2783356,2962
1781090954.2852724,2962
1781090954.295588,66
1781090954.2958298,66
1781090954.3019216,2962
1781090954.3040588,66
1781090954.3073528,2962
1781090954.3155973,1514
1781090954.3187292,1514
1781090954.3243988,66
1781090954.3267424,1514
1781090954.3271139,2962
1781090954.3333144,2962
1781090954.3810804,66
1781090954.3813925,66
1781090954.381394,66
1781090954.381395,2962
1781090954.3814857,2962
1781090954.3896894,66
1781090954.3904426,2962
1781090954.39109,2962
1781090954.4079735,66
1781090954.4080603,66
1781090954.4080703,66
1781090954.4080825,66
1781090954.408086,2962
1781090954.4081805,66
1781090954.4105127,1514
1781090954.416912,2962
1781090954.4253948,66
1781090954.4260595,66
1781090954.4260736,2962
1781090954.4342635,66
1781090954.4342675,66
1781090954.4435854,2962
1781090954.4504724,66
1781090954.4604363,66
1781090954.460505,2962
1781090954.4778023,66
1781090954.477906,2962
1781090954.4795978,2962
1781090954.4965723,2962
1781090954.5011172,66
1781090954.505592,66
1781090954.5122514,66
1781090954.5122542,66
1781090954.51241,2962
1781090954.5137398,2962
1781090954.5281503,66
1781090954.5305445,2962
1781090954.532853,66
1781090954.537739,2962
1781090954.5459702,2962
1781090954.5474694,66
1781090954.547472,2962
1781090954.56365,66
1781090954.5646923,66
1781090954.564695,2962
1781090954.5647361,66
1781090954.5769494,2962
1781090954.582873,66
1781090954.582875,2962
1781090954.5902965,2962
1781090954.6001048,66
1781090954.6001077,66
1781090954.6001086,66
1781090954.60011,66
1781090954.6017938,1514
1781090954.6024277,2962
1781090954.6107838,2962
1781090954.6191394,66
1781090954.6202495,66
1781090954.6202502,66
1781090954.6262734,66
1781090954.6263368,2962
1781090954.6454606,66
1781090954.6462998,66
1781090954.6463025,2962
1781090954.6544588,66
1781090954.6554852,66
1781090954.6554868,2962
1781090954.6617217,66
1781090954.6617248,2962
1781090954.6687727,2962
1781090954.6788778,2962
1781090954.6816638,2962
1781090954.695823,2962
1781090954.6997128,2962
1781090954.715415,66
1781090954.7155302,66
1781090954.715391,66
1781090954.7153964,66
1781090954.7153983,66
1781090954.715401,2962
1781090954.7165635,2962
1781090954.7340984,66
1781090954.734105,2962
1781090954.73425,2962
1781090954.7536333,66
1781090954.7538633,66
1781090954.7538655,2962
1781090954.7541482,2962
1781090954.7708545,66
1781090954.7710652,66
1781090954.7710667,66
1781090954.7710676,66
1781090954.7708523,66
1781090954.7710636,2962
1781090954.7711859,2962
1781090954.7891278,66
1781090954.789124,2962
1781090954.7909372,2962
1781090954.8007526,2962
1781090954.8033795,66
1781090954.8109,2962
1781090954.8176167,2962
1781090954.8223765,2962
1781090954.8420146,2962
1781090954.8420072,66
1781090954.842033,2962
1781090954.8528826,2962
1781090954.8557665,66
1781090954.8557706,66
1781090954.8636253,66
1781090954.8689215,66
1781090954.8689165,66
1781090954.8695846,66
1781090954.8695862,66
1781090954.8707013,66
1781090954.8707047,2962
1781090954.875557,2962
1781090954.8877523,2962
1781090954.8885868,66
1781090954.902243,66
1781090954.904902,66
1781090954.904904,2962
1781090954.9075577,2962
1781090954.9213064,2962
1781090954.9223397,2962
1781090954.9381666,66
1781090954.9393628,2962
1781090954.9451475,2962
1781090954.953295,2962
1781090954.9564323,66
1781090954.9564338,66
1781090954.9572058,66
1781090954.9572155,2962
1781090954.970599,66
1781090954.970804,2962
1781090954.974321,66
1781090954.9746811,1514
1781090954.9879923,1514
1781090954.987986,2962
1781090954.9965835,2962
1781090955.0002913,1514
1781090955.0089626,2962
1781090955.014348,66
1781090955.0143716,66
1781090955.014374,66
1781090955.0143929,66
1781090955.0150151,66
1781090955.0156252,66
1781090955.0242321,2962
1781090955.0257971,2962
1781090955.0386481,2962
1781090955.0442739,2962
1781090955.0538964,2962
1781090955.060093,66
1781090955.0615296,66
1781090955.0615396,66
1781090955.0615406,66
1781090955.0615418,2962
1781090955.066718,2962
1781090955.0790825,2962
1781090955.083973,66
1781090955.0847871,66
1781090955.095914,66
1781090955.095925,66
1781090955.096234,66
1781090955.0966716,2962
1781090955.0966644,2962
1781090955.105237,66
1781090955.1101542,2962
1781090955.1138515,2962
1781090955.1228352,66
1781090955.1254504,66
1781090955.130882,2962
1781090955.1309218,2962
1781090955.1399937,66
1781090955.142301,2962
1781090955.1484146,66
1781090955.1484787,2962
1781090955.1596575,66
1781090955.1596715,66
1781090955.1657383,66
1781090955.1657481,66
1781090955.167254,2962
1781090955.180171,2962
1781090955.1842935,66
1781090955.1843057,1514
1781090955.1948934,66
1781090955.195,2962
1781090955.1949139,2962
1781090955.2156844,2962
1781090955.215784,66
1781090955.2157981,2962
1781090955.224273,66
1781090955.2243428,66
1781090955.225004,66
1781090955.2298772,2962
1781090955.2362077,66
1781090955.23697,2962
1781090955.2440336,2962
1781090955.2450898,66
1781090955.2503474,66
1781090955.2503543,2962
1781090955.2611637,66
1781090955.2611673,66
1781090955.2615016,66
1781090955.2618668,66
1781090955.262236,2962
1781090955.2630153,1514
1781090955.272045,66
1781090955.2720788,2962
1781090955.2793088,2962
1781090955.2890608,2962
1781090955.2966056,66
1781090955.2966604,2962
1781090955.3062043,2962
1781090955.3139057,66
1781090955.3149636,66
1781090955.3149695,2962
1781090955.322952,66
1781090955.3237717,66
1781090955.3237793,66
1781090955.3256042,2962
1781090955.3324153,2962
1781090955.3418427,66
1781090955.3503175,66
1781090955.3503208,2962
1781090955.3550997,66
1781090955.3553867,2962
1781090955.3663323,66
1781090955.3665574,66
1781090955.366813,66
1781090955.3673668,2962
1781090955.3745244,2962
1781090955.3832922,2962
1781090955.3852088,1514
1781090955.3949637,1514
1781090955.4001575,66
1781090955.400173,66
1781090955.4013083,2962
1781090955.4023888,66
1781090955.4131277,66
1781090955.4168272,2962
1781090955.4183831,2962
1781090955.4256177,2962
1781090955.4371884,2962
1781090955.4420896,74
1781090955.442607,66
1781090955.4494388,66
1781090955.452463,66
1781090955.4525895,2962
1781090955.4531555,66
1781090955.4531567,66
1781090955.4542038,66
1781090955.4542065,2962
1781090955.4612322,2962
1781090955.471292,2962
1781090955.4780374,66
1781090955.478115,2962
1781090955.4881725,2962
1781090955.4953845,66
1781090955.501241,66
1781090955.5057044,66
1781090955.5057547,66
1781090955.5057561,2962
1781090955.5057983,2962
1781090955.514064,1514
1781090955.5225384,2962
1781090955.5238488,2962
1781090955.5398781,66
1781090955.53989,66
1781090955.539914,66
1781090955.5425382,2962
1781090955.556163,2962
1781090955.5575058,66
1781090955.5588903,2962
1781090955.564489,2962
1781090955.57509,66
1781090955.5750957,2962
1781090955.581349,66
1781090955.581872,66
1781090955.5822659,2962
1781090955.5931294,66
1781090955.5931323,52
1781090955.5931332,74
1781090955.5934541,2962
1781090955.5998318,66
1781090955.6116462,66
1781090955.6126153,2962
1781090955.6127205,66
1781090955.621306,2962
1781090955.629283,66
1781090955.6292858,2962
1781090955.629357,2962
1781090955.6462576,2962
1781090955.6467352,66
1781090955.64715,66
1781090955.6471517,66
1781090955.655312,66
1781090955.6555867,2962
1781090955.6622143,66
1781090955.6631722,66
1781090955.663174,66
1781090955.6633933,1514
1781090955.666372,2962
1781090955.6718569,2962
1781090955.6822157,2962
1781090955.6898108,66
1781090955.6898122,2962
1781090955.6994927,2962
1781090955.7072048,66
1781090955.7072587,2962
1781090955.716394,66
1781090955.7167757,66
1781090955.7205973,66
1781090955.7206135,2962
1781090955.7243855,2962
1781090955.7348726,66
1781090955.7349017,2962
1781090955.740945,2962
1781090955.7518964,66
1781090955.7562132,2962
1781090955.7582974,2962
1781090955.7698889,66
1781090955.770057,2962
1781090955.7754848,66
1781090955.7755017,66
1781090955.775693,66
1781090955.776103,2962
1781090955.7868094,2962
1781090955.7936873,66
1781090955.793699,66
1781090955.7938776,2962
1781090955.8039198,66
1781090955.8051069,2962
1781090955.8115306,66
1781090955.811543,2962
1781090955.821247,66
1781090955.821578,66
1781090955.8219323,2962
1781090955.8288293,2962
1781090955.8389373,2962
1781090955.845635,66
1781090955.8466544,2962
1781090955.8563986,66
1781090955.856414,66
1781090955.8570395,2962
1781090955.8627977,2962
1781090955.8737676,66
1781090955.8745742,2962
1781090955.8805525,2962
1781090955.891902,66
1781090955.8919916,2962
1781090955.8968801,2962
1781090955.9091308,66
1781090955.9091542,66
1781090955.9202623,66
1781090955.9202843,66
1781090955.9202886,2962
1781090955.9224272,66
1781090955.930916,2962
1781090955.9318805,66
1781090955.9320984,66
1781090955.9325564,1514
1781090955.9390764,2962
1781090955.9411144,2962
1781090955.9565997,66
1781090955.956685,66
1781090955.9571457,2962
1781090955.9585812,2962
1781090955.9746668,66
1781090955.9757402,66
1781090955.9757414,66
1781090955.9760606,2962
1781090955.9760647,1514
1781090955.9848952,2962
1781090955.9955468,66
1781090955.9955504,66
1781090955.9955518,66
1781090955.9959369,2962
1781090956.0025537,2962
1781090956.48257,66
1781090956.4826949,2962
1781090956.482652,66
1781090956.482685,2962
1781090956.4915478,2962
1781090956.4916215,74
1781090956.4916286,66
1781090956.4923837,66
1781090956.492385,2962
1781090956.508425,66
1781090956.5084274,74
1781090956.5095189,66
1781090956.5095212,2962
1781090956.5096378,66
1781090956.5097165,2962
1781090956.5267665,66
1781090956.5268402,66
1781090956.527803,2962
1781090956.5562756,66
1781090956.5562944,2962
1781090956.563016,66
1781090956.5635319,66
1781090956.5648675,2962
1781090956.5776935,2962
1781090956.5826688,66
1781090956.582671,66
1781090956.5826724,2962
1781090956.5859895,2962
1781090957.112901,2962
1781090957.1128998,66
1781090957.113229,2962
1781090957.1213102,2962
1781090957.1215339,66
1781090957.1223547,2962
1781090957.1388016,2962
1781090957.1395545,2962
1781090957.1559057,66
1781090957.1559708,66
1781090957.155972,66
1781090957.1559834,2962
1781090957.1605222,66
1781090957.160524,66
1781090957.1605248,1514
1781090957.166253,2962
1781090957.1734495,66
1781090957.173451,66
1781090957.1759155,2962
1781090957.1830983,66
1781090957.1831017,1514
1781090957.1915061,2962
1781090957.1915019,2962
1781090957.2085116,66
1781090957.2085044,66
1781090957.2085152,66
1781090957.2085161,66
1781090957.209169,66
1781090957.2092192,2962
1781090957.209168,66
1781090957.2091742,66
1781090957.2097464,2962
1781090957.241104,1514
1781090957.2412205,2962
1781090957.241197,2962
1781090957.2494433,66
1781090957.2499006,2962
1781090957.2619388,2962
1781090957.2695377,66
1781090957.2695408,1514
1781090957.2826064,66
1781090957.2826297,66
1781090957.2826312,2962
1781090957.2826183,2962
1781090957.469895,66
1781090957.4699233,66
1781090957.4699247,2962
1781090957.4699044,2962
1781090957.4784827,66
1781090957.4784899,2962
1781090957.478762,66
1781090957.4798634,66
1781090957.479875,66
1781090957.4798763,66
1781090957.4903374,2962
1781090957.4958751,66
1781090957.495878,66
1781090957.4967604,66
1781090957.4967625,2962
1781090957.498771,2962
1781090957.5145624,78
1781090957.5145698,66
1781090957.5145714,66
1781090957.514855,2962
1781090957.516454,2962
1781090957.532638,66
1781090957.5326328,2962
1781090957.5335479,2962
1781090957.552231,2962
1781090957.5527236,66
1781090957.5528014,2962
1781090957.5662007,2962
1781090957.5681555,66
1781090957.568163,54
1781090957.568164,66
1781090957.5686376,2962
1781090957.5838459,2962
1781090957.5864933,66
1781090957.5865052,1514
1781090957.594816,2962
1781090957.6006713,2962
1781090957.6141808,2962
1781090957.6243134,66
1781090957.624315,66
1781090957.6243167,2962
1781090957.6241376,66
1781090957.6286242,2962
1781090957.635708,66
1781090957.6357112,66
1781090957.6361735,52
1781090957.636701,74
1781090957.6367025,2962
1781090957.6458197,66
1781090957.645875,66
1781090957.6466146,66
1781090957.6466177,2962
1781090957.6538608,66
1781090957.6566584,66
1781090957.6567092,2962
1781090957.6638956,2962
1781090957.6716275,2962
1781090957.6811152,66
1781090957.6811347,66
1781090957.6815305,2962
1781090957.6897378,2962
1781090957.699357,66
1781090957.6993697,66
1781090957.6993709,74
1781090957.7006855,66
1781090957.70678,2962
1781090957.713613,2962
1781090957.7219138,2962
1781090957.7228527,66
1781090957.7237816,66
1781090957.7237859,2962
1781090957.7396383,66
1781090957.739649,66
1781090957.7396502,66
1781090957.7423363,1514
1781090957.7424493,66
1781090957.7490985,66
1781090957.7501204,2962
1781090957.7520711,1514
1781090957.7520738,2962
1781090957.7672846,66
1781090957.767298,2962
1781090957.7693315,2962
1781090957.7846372,66
1781090957.7846844,66
1781090957.7846859,2962
1781090957.7875664,2962
1781090957.8016586,66
1781090957.802243,2962
1781090957.8029346,66
1781090957.8033948,66
1781090957.8037684,2962
1781090957.819248,2962
1781090957.8208315,2962
1781090957.8361855,66
1781090957.8369157,2962
1781090957.837884,66
1781090957.838482,2962
1781090957.8548872,66
1781090957.854907,66
1781090957.8549085,2962
1781090957.8552454,66
1781090957.855391,66
1781090957.8562336,66
1781090957.8562555,2962
1781090957.871402,2962
1781090957.8732803,66
1781090957.8742568,2962
1781090957.8890183,66
1781090957.8890243,66
1781090957.8894467,2962
1781090957.8916614,2962
1781090957.9066927,2962
1781090957.9090652,66
1781090957.9091172,66
1781090957.9234161,2962
1781090957.9299965,2962
1781090957.9381263,66
1781090957.9403586,2962
1781090957.9404585,66
1781090957.9581773,66
1781090957.9581785,66
1781090957.9581795,2962
1781090957.9802299,2962
1781090957.9815865,66
1781090957.9838398,66
1781090957.9838884,2962
1781090957.993103,2962
1781090957.9930995,66
1781090957.9931011,66
1781090957.9931023,2962
1781090958.0094686,2962
1781090958.0100281,66
1781090958.011421,66
1781090958.0114222,2962
1781090958.0279596,66
1781090958.0280826,2962
1781090958.0280304,66
1781090958.0285459,66
1781090958.0285485,2962
1781090958.044094,66
1781090958.0444286,2962
1781090958.0461402,2962
1781090958.0617206,66
1781090958.061743,66
1781090958.0628664,2962
1781090958.0628722,66
1781090958.0634325,66
1781090958.0634336,2962
1781090958.0794473,2962
1781090958.0805252,2962
1781090958.0969098,66
1781090958.0969357,2962
1781090958.0977306,2962
1781090958.1138954,2962
1781090958.1150062,2962
1781090958.1416829,66
1781090958.141807,66
1781090958.141795,2962
1781090958.1419017,66
1781090958.1419244,1514
1781090958.1427617,2962
1781090958.1520798,66
1781090958.1520975,2962
1781090958.4717867,66
1781090958.471939,66
1781090958.4719563,2962
1781090958.471915,2962
1781090958.4802668,66
1781090958.4804845,66
1781090958.4810514,66
1781090958.4810567,1514
1781090958.4810581,66
1781090958.481059,1514
1781090958.489824,2962
1781090958.4898312,2962
1781090958.5145442,2962
1781090958.5145502,66
1781090958.5145671,2962
1781090958.523933,2962
1781090958.5245543,66
1781090958.5245552,66
1781090958.5254028,2962
1781090958.5456316,2962
1781090958.5456977,2962
1781090958.558166,66
1781090958.558228,66
1781090958.5587416,2962
1781090958.5593972,2962
1781090958.5776021,66
1781090958.5777438,66
1781090958.5777466,2962
1781090958.5777524,2962
1781090958.7370145,2962
1781090958.737099,66
1781090958.7371573,66
1781090958.7371588,66
1781090958.73716,2962
1781090958.7455454,66
1781090958.7455654,2962
1781090958.7467375,2962
1781090958.7629986,66
1781090958.7630212,66
1781090958.7637107,2962
1781090958.763716,66
1781090958.7637177,2962
1781090958.7823224,66
1781090958.7826056,2962
1781090958.78233,66
1781090958.7826128,66
1781090958.7826138,66
1781090958.7826147,2962
1781090958.7978942,66
1781090958.7994668,2962
1781090958.7994742,66
1781090958.7994826,2962
1781090958.8151865,66
1781090958.8160233,66
1781090958.8160262,2962
1781090958.8189983,2962
1781090958.8331282,2962
1781090958.834331,66
1781090958.834379,66
1781090958.8343809,66
1781090958.8349133,2962
1781090958.8502297,66
1781090958.8506062,2962
1781090958.8570132,2962
1781090958.8682814,66
1781090958.8682961,66
1781090958.8682976,2962
1781090958.8706396,2962
1781090958.8854795,66
1781090958.8857887,66
1781090958.8858395,66
1781090958.8886936,2962
1781090958.9030485,2962
1781090958.905918,66
1781090958.9059284,2962
1781090958.9127877,2962
1781090958.9206686,66
1781090958.921919,2962
1781090958.928199,66
1781090958.9300015,66
1781090958.9300525,2962
1781090958.9381123,66
1781090958.9384968,2962
1781090958.9471664,2962
1781090958.955459,2962
1781090958.9633648,66
1781090958.9682364,66
1781090958.972076,66
1781090958.9720802,2962
1781090958.9744446,2962
1781090958.9850342,2962
1781090958.9899042,66
1781090958.989916,66
1781090958.9915204,66
1781090958.9915245,2962
1781090958.999874,1514
1781090959.0071254,2962
1781090959.008141,2962
1781090959.0249891,66
1781090959.0250475,2962
1781090959.0250123,66
1781090959.025337,66
1781090959.0269315,1514
1781090959.0348535,2962
1781090959.0423791,66
1781090959.042388,2962
1781090959.053479,66
1781090959.0534835,2962
1781090959.0590065,66
1781090959.0591042,66
1781090959.06143,66
1781090959.0649664,2962
1781090959.0699627,66
1781090959.069966,2962
1781090959.0770571,2962
1781090959.0865126,2962
1781090959.0953617,66
1781090959.0954375,2962
1781090959.10364,66
1781090959.103643,66
1781090959.1036446,2962
1781090959.1119163,2962
1781090959.1213262,1514
1781090959.1292727,66
1781090959.1293294,2962
1781090959.1294198,2962
1781090959.147125,66
1781090959.147142,66
1781090959.1471877,2962
1781090959.1625051,66
1781090959.1637669,2962
1781090959.1638682,66
1781090959.1652057,2962
1781090959.1737418,2962
1781090959.180874,66
1781090959.1810744,66
1781090959.18132,2962
1781090959.191008,66
1781090959.1910815,66
1781090959.199029,2962
1781090959.2074838,2962
1781090959.2160373,66
1781090959.2160952,2962
1781090959.2206566,2962
1781090959.233477,2962
1781090959.233764,66
1781090959.233766,66
1781090959.2337673,66
1781090959.2337682,66
1781090959.2372608,2962
1781090959.2496955,66
1781090959.2504203,66
1781090959.251969,2962
1781090959.253104,2962
1781090959.2685697,66
1781090959.268643,2962
1781090959.2686515,66
1781090959.26866,2962
1781090959.2854786,66
1781090959.285503,66
1781090959.2858667,2962
1781090959.2858734,1514
1781090959.302868,66
1781090959.3032727,2962
1781090959.320501,2962
1781090959.3223193,2962
1781090959.330802,66
1781090959.33576,1514
1781090959.3385522,66
1781090959.3385549,66
1781090959.3385565,66
1781090959.338559,2962
1781090959.3396976,2962
1781090959.3562024,2962
1781090959.3564157,2962
1781090959.3726118,66
1781090959.3728929,2962
1781090959.3734615,66
1781090959.3739817,66
1781090959.3742678,1514
1781090959.3828113,2962
1781090959.389975,66
1781090959.3903272,66
1781090959.39074,2962
1781090959.4750865,66
1781090959.475216,66
1781090959.4752183,66
1781090959.4752192,66
1781090959.4751892,2962
1781090959.4774206,70
1781090959.4895325,66
1781090959.4895675,66
1781090959.4895685,66
1781090959.4895697,2962
1781090959.4897249,2962
1781090959.497996,66
1781090959.4984045,66
1781090959.5018127,2962
1781090959.5188022,2962
1781090959.52277,2962
1781090959.5311177,2962
1781090959.535704,1514
1781090959.5450447,2962
1781090959.5488255,66
1781090959.5488882,2962
1781090959.561396,66
1781090959.5613987,66
1781090959.563521,2962
1781090959.566191,66
1781090959.5661943,2962
1781090959.5799212,2962
1781090959.5832608,66
1781090959.5833163,66
1781090959.5968068,66
1781090959.5968094,66
1781090959.5968106,66
1781090959.5971487,66
1781090959.5977125,122
1781090959.598241,66
1781090959.5985086,2962
1781090959.6025808,2962
1781090959.6108165,2962
1781090959.6158018,66
1781090959.6160116,66
1781090959.617631,66
1781090959.6176481,2962
1781090959.6288173,66
1781090959.6289277,66
1781090959.6289299,66
1781090959.6289318,2962
1781090959.6347744,66
1781090959.6347775,2962
1781090959.6471293,2962
1781090959.651291,2962
1781090959.663769,66
1781090959.6638272,66
1781090959.6638284,66
1781090959.664221,2962
1781090959.6703396,66
1781090959.670342,66
1781090959.6703439,2962
1781090959.6811876,66
1781090959.6820986,2962
1781090959.6861484,2962
1781090959.7037506,66
1781090959.7037537,2962
1781090959.7038076,66
1781090959.7201343,2962
1781090959.721637,66
1781090959.7216387,66
1781090959.72164,2962
1781090959.7282994,2962
1781090959.7387059,1514
1781090959.7452986,66
1781090959.7456436,66
1781090959.7462442,66
1781090959.7471774,2962
1781090959.7662656,66
1781090959.7662737,2962
1781090959.7777665,1514
1781090959.7777705,2962
1781090959.7820215,66
1781090959.7821336,66
1781090959.7821352,2962
1781090959.794518,2962
1781090959.7991428,66
1781090959.7994902,1514
1781090959.8084643,2962
1781090959.812374,66
1781090959.812435,2962
1781090959.8255117,2962
1781090959.8291297,2962
1781090959.8433626,2962
1781090959.8459327,66
1781090959.8475313,66
1781090959.8483222,66
1781090959.8483968,66
1781090959.8483975,66
1781090959.8483984,2962
1781090959.859554,66
1781090959.8596063,66
1781090959.8601313,66
1781090959.8601327,66
1781090959.860823,2962
1781090959.8660653,2962
1781090959.8776746,2962
1781090959.8828042,66
1781090959.8828652,66
1781090959.8828664,66
1781090959.8874512,66
1781090959.8956978,2962
1781090959.905138,2962
1781090959.9118862,2962
1781090959.9132879,2962
1781090959.9296098,66
1781090959.9296165,66
1781090959.9296176,2962
1781090959.9306974,2962
1781090959.9481585,66
1781090959.9482124,2962
1781090959.948154,66
1781090959.9481568,2962
1781090959.964675,66
1781090959.9646778,2962
1781090959.9656198,66
1781090959.965622,66
1781090959.9656227,66
1781090959.968296,2962
1781090959.9818192,2962
1781090959.9836874,2962
1781090959.9996917,66
1781090959.9996972,66
1781090959.9996984,2962
1781090960.0003502,66
1781090960.003802,2962
1781090960.0179424,66
1781090960.018898,2962
1781090960.0190065,66
1781090960.0190694,66
1781090960.02364,1514
1781090960.0291169,2962
1781090960.0338004,2962
1781090960.0440545,66
1781090960.0441177,2962
1781090960.0508986,2962
1781090960.0616534,66
1781090960.062089,2962
1781090960.0699713,66
1781090960.0699785,52
1781090960.0699794,66
1781090960.0699804,66
1781090960.0699816,2962
1781090960.078714,2962
1781090960.0867436,1514
1781090960.0948944,2962
1781090960.0958424,2962
1781090960.1119533,2962
1781090960.1137106,66
1781090960.1137748,66
1781090960.1137757,66
1781090960.113781,66
1781090960.1299887,2962
1781090960.1370215,66
1781090960.147391,66
1781090960.147398,66
1781090960.1473994,2962
1781090960.1493835,2962
1781090960.1586058,66
1781090960.1627128,2962
1781090960.1643426,66
1781090960.1643515,66
1781090960.1646335,66
1781090960.1654823,2962
1781090960.178382,2962
1781090960.1832411,1514
1781090960.190616,2962
1781090960.1943955,2962
1781090960.2078803,2962
1781090960.2094145,66
1781090960.209417,66
1781090960.2100937,2962
1781090960.2246976,66
1781090960.225034,66
1781090960.2266212,2962
1781090960.2279642,2962
1781090960.2437475,2962
1781090960.2440794,2962
1781090960.2597523,66
1781090960.2597575,66
1781090960.2611618,66
1781090960.2611575,66
1781090960.2611601,2962
1781090960.2614334,66
1781090960.2617655,2962
1781090960.2800536,66
1781090960.2801287,66
1781090960.280132,2962
1781090960.2800484,2962
1781090960.3126743,2962
1781090960.3126717,2962
1781090960.320719,66
1781090960.3209372,66
1781090960.321306,66
1781090960.3212626,66
1781090960.3217876,66
1781090960.321786,2962
1781090960.3221285,1514
1781090960.33091,2962
1781090960.3386505,2962
1781090960.3474154,66
1781090960.3482757,66
1781090960.3483837,1514
1781090960.3557882,66
1781090960.3561237,66
1781090960.3564415,66
1781090960.3585303,2962
1781090960.3585272,1514
1781090960.3655114,2962
1781090960.3744326,2962
1781090960.3828874,66
1781090960.382889,2962
1781090960.390874,66
1781090960.391811,2962
1781090960.3999574,66
1781090960.400135,66
1781090960.402943,2962
1781090960.4092226,2962
1781090960.4177332,2962
1781090960.4253361,66
1781090960.4262009,66
1781090960.4262655,66
1781090960.4347591,2962
1781090960.4403152,2962
1781090960.448644,66
1781090960.4516664,2962
1781090960.4660916,66
1781090960.4690473,2962
1781090960.4746068,66
1781090960.4807196,2962
1781090960.4862578,66
1781090960.4862683,66
1781090960.487372,66
1781090960.487373,66
1781090960.487374,2962
1781090960.4895134,2962
1781090960.5051632,2962
1781090960.50625,2962
1781090960.5219016,66
1781090960.5219069,66
1781090960.5220091,66
1781090960.5230002,66
1781090960.5229983,2962
1781090960.5236402,2962
1781090960.5409198,66
1781090960.5410242,66
1781090960.5409186,1514
1781090960.5414653,2962
1781090960.5488918,2962
1781090960.5588973,2962
1781090960.5661354,2962
1781090960.575494,66
1781090960.5755541,2962
1781090960.5828528,1514
1781090960.5911765,2962
1781090960.6026328,66
1781090960.602636,66
1781090960.6027539,2962
1781090960.609239,2962
1781090960.616056,1514
1781090960.6202734,2962
1781090960.6337779,66
1781090960.6337807,66
1781090960.6337824,66
1781090960.6337838,2962
1781090960.637416,2962
1781090960.6439662,2962
1781090960.654344,66
1781090960.6546981,66
1781090960.654989,66
1781090960.655693,2962
1781090960.952059,66
1781090960.9520614,66
1781090960.9520628,66
1781090960.9520645,2962
1781090960.953043,66
1781090960.9582171,2962
1781090960.9615326,2962
1781090960.9714804,66
1781090960.9786403,2962
1781090960.9871256,2962
1781090960.9960847,2962
1781090960.9970117,66
1781090960.9970236,66
1781090960.9970255,2962
1781090961.0130067,66
1781090961.013456,66
1781090961.013454,2962
1781090961.0145838,2962
1781090961.0303612,66
1781090961.0307503,66
1781090961.0307558,66
1781090961.0307577,66
1781090961.0310497,2962
1781090961.0383275,2962
1781090961.0485945,2962
1781090961.0510075,66
1781090961.0650039,2962
1781090961.0657218,66
1781090961.0657246,66
1781090961.066901,1514
1781090961.0738692,2962
1781090961.0748217,2962
1781090961.0911744,2962
1781090961.0920622,2962
1781090961.1109214,66
1781090961.110936,2962
1781090961.1112542,66
1781090961.1115606,66
1781090961.1240647,2962
1781090961.126183,66
1781090961.1261847,66
1781090961.1271493,2962
1781090961.1324437,66
1781090961.1367624,2962
1781090961.152201,2962
1781090961.1523292,2962
1781090961.1608613,66
1781090961.161288,66
1781090961.1617818,2962
1781090961.167367,66
1781090961.1674678,1514
1781090961.175698,66
1781090961.176295,2962
1781090961.1785738,1514
1781090961.1871636,2962
1781090961.1934814,66
1781090961.1934838,66
1781090961.1946306,2962
1781090961.2044935,2962
1781090961.2114449,2962
1781090961.2212822,66
1781090961.2220895,66
1781090961.2220924,2962
1781090961.2278676,2962
1781090961.2390869,2962
1781090961.2451522,66
1781090961.2452946,66
1781090961.2497845,2962
1781090961.256737,66
1781090961.2567868,66
1781090961.256788,66
1781090961.2573001,2962
1781090961.2627208,66
1781090961.2633564,2962
1781090961.2747786,66
1781090961.2748258,2962
1781090961.2803097,66
1781090961.28283,66
1781090961.2917273,2962
1781090961.2943618,66
1781090961.2963028,66
1781090961.3092318,2962
1781090961.311749,2962
1781090961.3201184,2962
1781090961.3258793,66
1781090961.3265655,66
1781090961.3265667,2962
1781090961.3384972,2962
1781090961.3453355,66
1781090961.3454013,2962
1781090961.354682,66
1781090961.3547387,2962
1781090961.362635,2962
1781090961.371583,66
1781090961.37247,2962
1781090961.3781679,66
1781090961.378837,2962
1781090961.3910322,66
1781090961.3910382,2962
1781090961.395837,66
1781090961.3959303,2962
1781090961.406576,66
1781090961.4065895,66
1781090961.4072766,2962
1781090961.4137986,2962
1781090961.4241662,2962
1781090961.4307344,66
1781090961.4307368,66
1781090961.4307377,66
1781090961.431333,2962
1781090961.4413269,2962
1781090961.4490838,66
1781090961.4491332,1514
1781090961.4574218,2962
1781090961.4586842,66
1781090961.4586866,66
1781090961.4590054,66
1781090961.4595754,2962
1781090961.4742868,2962
1781090961.4771683,66
1781090961.4813738,2962
1781090961.4916549,2962
1781090961.5067158,66
1781090961.5071082,66
1781090961.5082538,66
1781090961.5086548,66
1781090961.5091276,2962
1781090961.5203342,66
1781090961.5253372,2962
1781090961.5260038,1514
1781090961.533519,2962
1781090961.5345685,2962
1781090961.5519085,1514
1781090961.5519829,66
1781090961.551984,66
1781090961.5523582,66
1781090961.552738,2962
1781090961.559134,2962
1781090961.5698314,2962
1781090961.5763924,2962
1781090961.5881197,2962
1781090961.593978,66
1781090961.5952415,2962
1781090961.6043,66
1781090961.6043024,66
1781090961.6047637,2962
1781090961.6118426,66
1781090961.6142488,2962
1781090961.6216488,66
1781090961.6220264,66
1781090961.6223967,66
1781090961.6229029,2962
1781090961.6295233,66
1781090961.6295342,66
1781090961.6295352,66
1781090961.6295357,66
1781090961.6295362,2962
1781090961.6401808,2962
1781090961.6477187,66
1781090961.651213,2962
1781090961.6577396,2962
1781090961.6647654,2962
1781090961.6752927,2962
1781090961.6819732,66
1781090961.6835399,66
1781090961.6925237,2962
1781090961.696122,66
1781090961.704112,66
1781090961.7080579,66
1781090961.7081335,2962
1781090961.7088609,66
1781090961.708862,2962
1781090961.7193568,66
1781090961.7273142,66
1781090961.728042,2962
1781090961.7290738,2962
1781090961.7379675,2962
1781090961.7442193,66
1781090961.7459276,66
1781090961.747422,2962
1781090961.75721,2962
1781090961.7634704,66
1781090961.7637842,2962
1781090961.7719843,66
1781090961.7720375,66
1781090961.7720392,2962
1781090961.7797532,66
1781090961.7797654,2962
1781090961.7900264,2962
1781090961.7963972,66
1781090961.7963998,2962
1781090961.8084853,66
1781090961.8085392,2962
1781090961.813947,66
1781090961.8148217,1514
1781090961.8227015,2962
1781090961.8236763,66
1781090961.8241751,66
1781090961.8303742,66
1781090961.830381,2962
1781090961.8397217,66
1781090961.8397272,2962
1781090961.8492653,2962
1781090961.8568285,2962
1781090961.8592403,2962
1781090961.8738117,1514
1781090961.876787,66
1781090961.883082,2962
1781090961.883215,66
1781090961.897408,66
1781090961.8992715,2962
1781090961.9040809,66
1781090961.9104152,2962
1781090961.917225,66
1781090961.9172463,66
1781090961.9172475,66
1781090961.9175892,2962
1781090961.9226897,66
1781090961.9228835,2962
1781090961.9349809,66
1781090961.9349897,2962
1781090961.9382665,2962
1781090961.9525225,66
1781090961.952572,66
1781090961.9525733,2962
1781090961.9532611,2962
1781090961.970014,66
1781090961.9700227,2962
1781090961.9705827,66
1781090961.9705856,66
1781090961.9710677,2962
1781090961.9876044,2962
1781090961.988316,66
1781090961.9883223,2962
1781090962.0041778,66
1781090962.0046082,2962
1781090962.0054204,66
1781090962.0061698,66
1781090962.0163045,2962
1781090962.021799,2962
1781090962.0395818,66
1781090962.0395875,2962
1781090962.040603,2962
1781090962.0487983,66
1781090962.0493712,2962
1781090962.0564125,52
1781090962.0564163,66
1781090962.0572221,66
1781090962.0572233,2962
1781090962.0661466,2962
1781090962.0749335,66
1781090962.0749385,2962
1781090962.0837712,66
1781090962.0837753,66
1781090962.0843632,2962
1781090962.0917778,66
1781090962.0920188,2962
1781090962.1011748,66
1781090962.1018434,2962
1781090962.1090965,2962
1781090962.1186135,66
1781090962.1255841,2962
1781090962.1262991,66
1781090962.1268787,66
1781090962.126884,2962
1781090962.1359744,66
1781090962.1362422,66
1781090962.1376832,2962
1781090962.144681,66
1781090962.1447313,66
1781090962.144733,2962
1781090962.1540883,2962
1781090962.161656,2962
1781090962.1706874,66
1781090962.171286,66
1781090962.179889,2962
1781090962.1902425,66
1781090962.1958272,2962
1781090962.1960378,66
1781090962.1971416,2962
1781090962.2055924,2962
1781090962.2129076,66
1781090962.2131095,66
1781090962.2135255,1514
1781090962.2228484,2962
1781090962.222846,2962
1781090962.239197,66
1781090962.2395477,66
1781090962.239606,2962
1781090962.2398322,66
1781090962.2434268,2962
1781090962.2571306,2962
1781090962.25988,66
1781090962.2731452,2962
1781090962.2755003,66
1781090962.275548,66
1781090962.2755494,2962
1781090962.2815547,2962
1781090962.292274,2962
1781090962.2988753,66
1781090962.2988877,2962
1781090962.3091867,66
1781090962.309192,66
1781090962.3091936,2962
1781090962.3159423,66
1781090962.317399,2962
1781090962.326801,66
1781090962.326807,2962
1781090962.3332415,2962
1781090962.3480542,66
1781090962.3480623,2962
1781090962.350788,66
1781090962.350794,66
1781090962.3567362,66
1781090962.3567388,66
1781090962.3567395,2962
1781090962.3671072,66
1781090962.3671086,2962
1781090962.3691528,2962
1781090962.37856,66
1781090962.379016,2962
1781090962.3859506,2962
1781090962.3976576,2962
1781090962.4034498,66
1781090962.4034574,66
1781090962.405183,2962
1781090962.413037,66
1781090962.4142215,2962
1781090962.4255202,66
1781090962.4308743,2962
1781090962.4409287,2962
1781090962.448705,66
1781090962.4487078,2962
1781090962.453517,66
1781090962.453981,66
1781090962.4648914,66
1781090962.4653804,66
1781090962.46579,66
1781090962.4681504,2962
1781090962.4682288,66
1781090962.4682305,1514
1781090962.468273,2962
1781090962.4840355,66
1781090962.4840386,2962
1781090962.4854186,2962
1781090962.500654,2962
1781090962.5032349,2962
1781090962.5187192,2962
1781090962.5195549,66
1781090962.519694,66
1781090962.5204759,66
1781090962.5205228,2962
1781090962.5351186,2962
1781090962.5376546,2962
1781090962.5521784,66
1781090962.5522282,66
1781090962.55435,2962
1781090962.5546336,66
1781090962.554911,66
1781090962.5555975,2962
1781090962.5716166,66
1781090962.5716262,2962
1781090962.5857186,2962
1781090962.5886326,66
1781090962.5886817,1514
1781090962.5940359,66
1781090962.5958984,66
1781090962.59595,2962
1781090962.596169,2962
1781090962.612232,2962
1781090962.6141062,66
1781090962.614214,2962
1781090962.6303551,66
1781090962.6304235,66
1781090962.6305118,2962
1781090962.6312845,2962
1781090962.647805,1514
1781090962.6479063,2962
1781090962.6555393,2962
1781090962.6662724,66
1781090962.6662922,66
1781090962.6662943,2962
1781090962.6746042,66
1781090962.6746063,2962
1781090962.6863365,66
1781090962.68634,2962
1781090962.6896636,66
1781090962.6896749,66
1781090962.6899939,66
1781090962.6903584,2962
1781090962.7003055,2962
1781090962.7082317,66
1781090962.7083123,66
1781090962.7172573,66
1781090962.7172618,2962
1781090962.717324,2962
1781090962.725525,2962
1781090962.7345188,66
1781090962.7376592,2962
1781090962.74248,66
1781090962.7447433,66
1781090962.7448063,2962
1781090962.752824,2962
1781090962.7612991,66
1781090962.7625926,2962
1781090962.7689328,2962
1781090962.7803485,66
1781090962.7870197,66
1781090962.7870739,2962
1781090962.7884388,2962
1781090962.7974548,66
1781090962.8002136,2962
1781090962.803359,66
1781090962.8041954,2962
1781090962.8148499,66
1781090962.8219144,66
1781090962.8219306,2962
1781090962.8220477,2962
1781090962.8320775,66
1781090962.838164,66
1781090962.838467,2962
1781090962.8386571,2962
1781090962.8490813,66
1781090962.8558967,66
1781090962.8559048,2962
1781090962.856168,66
1781090962.8733885,66
1781090962.8733983,2962
1781090962.873607,66
1781090962.8761714,2962
1781090962.8927188,66
1781090962.8927202,2962
1781090962.8928308,2962
1781090962.903391,66
1781090962.9081225,2962
1781090962.9160736,2962
1781090962.9254253,66
1781090962.9254327,2962
1781090962.9431667,66
1781090962.9432201,66
1781090962.9432218,2962
1781090962.960652,2962
1781090962.9695976,2962
1781090962.9775124,66
1781090962.977515,66
1781090962.9793036,66
1781090962.9793587,2962
1781090962.9795187,2962
1781090962.9955697,66
1781090962.9956315,66
1781090962.995751,2962
1781090962.996035,66
1781090962.9964328,2962
1781090963.0126436,66
1781090963.0127242,66
1781090963.0127258,2962
1781090963.0135708,2962
1781090963.030548,66
1781090963.0305512,66
1781090963.0305526,1514
1781090963.0307863,2962
1781090963.0397925,2962
1781090963.048064,2962
1781090963.0565798,2962
1781090963.0647852,66
1781090963.0648744,66
1781090963.0652306,2962
1781090963.0740757,2962
1781090963.082641,66
1781090963.0827365,66
1781090963.0841677,2962
1781090963.090395,66
1781090963.0905666,66
1781090963.0933096,2962
1781090963.1007748,66
1781090963.1008477,2962
1781090963.108288,66
1781090963.1098228,2962
1781090963.1193688,66
1781090963.1194422,2962
1781090963.1258159,66
1781090963.125865,66
1781090963.1271386,2962
1781090963.1353467,2962
1781090963.1433487,2962
1781090963.1526597,66
1781090963.1527457,66
1781090963.1527472,66
1781090963.153197,2962
1781090963.1612263,2962
1781090963.170689,2962
1781090963.178172,66
1781090963.1781738,2962
1781090963.178134,66
1781090963.1872644,66
1781090963.1876473,2962
1781090963.195834,66
1781090963.1958368,2962
1781090963.2050352,66
1781090963.2051222,2962
1781090963.21267,2962
1781090963.2231307,2962
1781090963.2301292,66
1781090963.2301345,2962
1781090963.2396555,66
1781090963.2399423,66
1781090963.2416253,66
1781090963.2479036,2962
1781090963.2579842,2962
1781090963.2645502,2962
1781090963.2711117,66
1781090963.2711177,2962
1781090963.2823558,66
1781090963.2823603,66
1781090963.2823622,66
1781090963.2823656,2962
1781090963.28853,2962
1781090963.3002164,66
1781090963.3002214,2962
1781090963.3008366,2962
1781090963.318171,66
1781090963.3181732,66
1781090963.3181617,2962
1781090963.3187616,66
1781090963.3187644,66
1781090963.3341138,66
1781090963.33451,2962
1781090963.3374963,2962
1781090963.3457022,2962
1781090963.3517067,66
1781090963.3517103,2962
1781090963.3629048,66
1781090963.3629694,2962
1781090963.3689277,2962
1781090963.3804452,2962
1781090963.3862166,66
1781090963.3862193,66
1781090963.3878171,1514
1781090963.3954363,2962
1781090963.3982763,66
1781090963.3983872,66
1781090963.3983893,66
1781090963.3983915,2962
1781090963.4125633,66
1781090963.4125717,2962
1781090963.424736,74
1781090963.4261017,66
1781090963.4295228,66
1781090963.4306002,2962
1781090963.4350767,1514
1781090963.4350789,2962
1781090963.4476588,2962
1781090963.4520679,66
1781090963.4521244,2962
1781090963.4662876,66
1781090963.46629,2962
1781090963.4712567,66
1781090963.4713352,1514
1781090963.4782665,2962
1781090963.481924,66
1781090963.4819362,66
1781090963.4824069,2962
1781090963.4951434,66
1781090963.4958937,2962
1781090963.4995298,66
1781090963.4995325,66
1781090963.5011303,2962
1781090963.5132365,2962
1781090963.518111,2962
1781090963.5303247,66
1781090963.5303788,66
1781090963.5303805,2962
1781090963.5341175,2962
1781090963.5479598,66
1781090963.5480208,66
1781090963.5517042,74
1781090963.5517066,66
1781090963.551881,2962
1781090963.557547,2962
1781090963.565673,66
1781090963.5708368,2962
1781090963.57729,2962
1781090963.5858774,66
1781090963.5864072,66
1781090963.586409,2962
1781090963.5997386,66
1781090963.6001716,2962
1781090963.6106157,66
1781090963.6106105,66
1781090963.6106699,2962
1781090963.6107626,2962
1781090963.6218657,66
1781090963.6218712,2962
1781090963.6272237,2962
1781090963.642203,66
1781090963.6422253,2962
1781090963.6435263,2962
1781090963.6568635,66
1781090963.6568747,66
1781090963.6568773,2962
1781090963.6606045,66
1781090963.6606178,2962
1781090963.6742425,2962
1781090963.6787055,66
1781090963.6788285,2962
1781090963.690845,66
1781090963.6908507,2962
1781090963.6953921,66
1781090963.695395,66
1781090963.6953967,2962
1781090963.7082443,66
1781090963.7082465,2962
1781090963.7127872,2962
1781090963.7255776,66
1781090963.7263873,2962
1781090963.7298794,66
1781090963.7299404,2962
1781090963.7432275,2962
1781090963.747891,66
1781090963.7479565,66
1781090963.747958,66
1781090963.7481513,66
1781090963.7488496,2962
1781090963.7612486,66
1781090963.7612548,2962
1781090963.765759,66
1781090963.7705672,2962
1781090963.7799797,1514
1781090963.783605,66
1781090963.7858706,2962
1781090963.7859132,66
1781090963.7904754,2962
1781090963.8015304,2962
1781090963.8029482,66
1781090963.8042955,2962
1781090963.8178828,66
1781090963.818256,2962
1781090963.8218062,66
1781090963.821809,66
1781090963.8218102,2962
1781090963.8359852,2962
1781090963.8384247,66
1781090963.8384278,2962
1781090963.852313,66
1781090963.8532739,2962
1781090963.8566015,2962
1781090963.8700135,66
1781090963.8700833,2962
1781090963.8727927,66
1781090963.8738751,2962
1781090963.8875225,66
1781090963.8875248,2962
1781090963.890279,66
1781090963.8902812,2962
1781090963.9047587,66
1781090963.904827,2962
1781090963.9077106,66
1781090963.9077122,2962
1781090963.9222157,66
1781090963.9222796,66
1781090963.9252982,66
1781090963.925306,2962
1781090963.9256783,2962
1781090963.9401987,66
1781090963.9402661,2962
1781090963.9483578,66
1781090963.9483688,74
1781090963.94837,2962
1781090963.9586751,66
1781090963.9598339,74
1781090963.9604115,66
1781090963.960413,2962
1781090963.9607139,66
1781090963.96545,2962
1781090963.9760313,2962
1781090963.9784322,66
1781090963.978445,2962
1781090964.4715512,66
1781090964.4717958,2962
1781090964.4718897,66
1781090964.4710844,66
1781090964.4814415,66
1781090964.4814606,2962
1781090964.4815493,2962
1781090964.4914744,66
1781090964.4915125,2962
1781090964.5025797,2962
1781090964.5081832,66
1781090964.5247607,66
1781090964.5248647,2962
1781090964.5249438,2962
1781090964.5353844,66
1781090964.535386,66
1781090964.5353866,2962
1781090964.535369,66
1781090964.5353742,2962
1781090964.5666232,2962
1781090964.5666213,2962
1781090964.5771422,66
1781090964.5771565,66
1781090964.577141,52
1781090964.5771554,2962
1781090964.5773082,66
1781090964.5982752,66
1781090964.598292,66
1781090964.598293,2962
1781090964.5983691,2962
1781090964.6088505,66
1781090964.6089244,2962
1781090964.6102512,66
1781090964.6102562,74
1781090964.610876,66
1781090964.6110818,2962
1781090964.629779,66
1781090964.6298478,74
1781090964.6298518,2962
1781090964.6301222,66
1781090964.6404817,2962
1781090964.6507604,2962
1781090964.650785,1514
1781090964.6611173,2962
1781090964.6713617,66
1781090964.6713746,66
1781090964.6713755,2962
1781090964.6816828,2962
1781090964.6817498,66
1781090964.6817698,2962
1781090964.6925802,2962
1781090964.703159,66
1781090964.7031653,2962
1781090964.7136657,66
1781090964.7137358,66
1781090964.7137377,2962
1781090964.715199,2962
1781090964.734522,66
1781090964.7346127,2962
1781090964.734586,66
1781090964.7346141,2962
1781090964.7455597,66
1781090964.7456448,66
1781090964.7456462,2962
1781090964.755706,66
1781090964.7557166,66
1781090964.7557187,2962
1781090964.7664092,66
1781090964.7664707,2962
1781090964.7677302,66
1781090964.767736,2962
1781090964.7872403,66
1781090964.787322,2962
1781090964.7873113,66
1781090964.7873247,1514
1781090964.7978418,66
1781090964.7978387,66
1781090964.7978504,2962
1781090964.7989383,66
1781090964.8190043,2962
1781090964.819807,66
1781090964.8218248,2962
1781090964.8295946,66
1781090964.8296058,2962
1781090964.8303125,2962
1781090964.8503716,2962
1781090964.8504472,66
1781090964.8507483,66
1781090964.871292,2962
1781090964.8713439,66
1781090964.8713632,2962
1781090964.8820348,2962
1781090964.8819983,66
1781090964.88202,66
1781090964.8820214,66
1781090964.882023,2962
1781090964.9029803,2962
1781090964.903065,66
1781090964.9030836,2962
1781090964.9236712,2962
1781090964.9237473,2962
1781090964.934273,66
1781090964.9346013,66
1781090964.9346037,2962
1781090964.934332,2962
1781090965.1511054,2962
1781090965.1512697,1626
1781090965.1523662,66
1781090965.152909,66
1781090965.15291,66
1781090965.1529112,2962
1781090965.1593866,66
1781090965.1598058,66
1781090965.1601543,2962
1781090965.175579,66
1781090965.1755977,2962
1781090965.177371,66
1781090965.1773736,2962
1781090965.1877043,2962
1781090965.1965518,66
1781090965.1966202,66
1781090965.196622,2962
1781090965.2046494,66
1781090965.204864,66
1781090965.2055266,66
1781090965.2058604,2962
1781090965.217572,66
1781090965.21768,1514
1781090965.225011,2962
1781090965.2250721,2962
1781090965.239048,66
1781090965.2390647,2962
1781090965.2403958,2962
1781090965.4700801,2962
1781090965.4701905,66
1781090965.4704988,66
1781090965.4705007,66
1781090965.4705017,66
1781090965.4705033,2962
1781090965.4788795,66
1781090965.4788907,66
1781090965.4788926,1514
1781090965.4801679,2962
1781090965.4878027,2962
1781090965.4971745,66
1781090965.497186,66
1781090965.4983196,66
1781090965.4983315,66
1781090965.4983337,66
1781090965.499358,2962
1781090965.5045612,2962
1781090965.5158966,1514
1781090965.5226564,66
1781090965.522668,66
1781090965.5226693,66
1781090965.5226705,66
1781090965.5251179,2962
1781090965.525834,66
1781090965.5285947,2962
1781090965.5417418,2962
1781090965.5417469,2962
1781090965.558654,2962
1781090965.5586667,66
1781090966.4777274,2962
1781090966.477632,2962
1781090966.4863122,66
1781090966.4863074,2962
1781090966.486671,66
1781090966.4929583,66
1781090966.4932828,1514
1781090966.4985497,2962
1781090966.5111477,66
1781090966.5111666,2962
1781090966.5141766,2962
1781090966.5218103,2962
1781090966.532461,66
1781090966.5325341,66
1781090966.5376842,66
1781090966.537687,2962
1781090966.850886,1514
1781090966.8506396,52
1781090966.8510678,2962
1781090966.850866,66
1781090966.8508682,66
1781090966.8508694,66
1781090966.8508706,2962
1781090966.8608863,2962
1781090966.8741663,2962
1781090966.8848875,66
1781090966.8843205,1514
1781090966.8849652,66
1781090966.8862534,66
1781090966.8862562,2962
1781090966.886391,66
1781090966.8946848,1514
1781090966.9040277,66
1781090966.904048,2962
1781090966.904221,2962
1781090966.914322,2962
1781090966.9259827,66
1781090966.9260058,66
1781090966.9260075,66
1781090966.9260087,78
1781090966.9260106,2962
1781090966.9359283,66
1781090966.935936,2962
1781090966.945587,66
1781090966.9456222,2962
1781090966.9549744,66
1781090966.954982,66
1781090966.9549835,78
1781090966.9554214,2962
1781090966.9643703,2962
1781090966.9652257,66
1781090966.9653907,2962
1781090966.9741206,2962
1781090966.983967,66
1781090966.9877203,2962
1781090966.9924238,66
1781090966.992665,1514
1781090967.0002098,66
1781090967.000242,2962
1781090967.005748,66
1781090967.006873,66
1781090967.0069952,2962
1781090967.0169044,2962
1781090967.0184774,2962
1781090967.0347695,66
1781090967.0347793,66
1781090967.0347807,2962
1781090967.035231,66
1781090967.0413868,2962
1781090967.0522354,66
1781090967.0522451,2962
1781090967.0528123,1514
1781090967.0616794,2962
1781090967.069354,78
1781090967.0693643,66
1781090967.0702446,2962
1781090967.0785851,66
1781090967.078601,66
1781090967.0790412,2962
1781090967.0870981,2962
1781090967.096455,66
1781090967.096561,2962
1781090967.1042826,2962
1781090967.1134126,66
1781090967.1210709,66
1781090967.1213818,66
1781090967.1214955,2962
1781090967.1219745,66
1781090967.1219766,1514
1781090967.1307762,2962
1781090967.130981,66
1781090967.142774,66
1781090967.1484764,2962
1781090967.14852,66
1781090967.1727915,66
1781090967.172897,66
1781090967.1728985,66
1781090967.1729004,2962
1781090967.1732278,2962
1781090967.1816027,2962
1781090967.1834428,66
1781090967.1834471,2962
1781090967.2037268,66
1781090967.2038057,2962
1781090967.2037938,2962
1781090967.2159777,66
1781090967.2162201,66
1781090967.2174463,2962
1781090967.217449,2962
1781090967.2459214,66
1781090967.2462802,2962
1781090967.2459385,66
1781090967.246285,66
1781090967.2462873,66
1781090967.2462888,2962
1781090967.2554,66
1781090967.2556207,66
1781090967.255715,2962
1781090967.2573998,2962
1781090967.27258,2962
1781090967.2725854,2962
1781090967.2911654,2962
1781090967.2911737,66
1781090967.2911754,66
1781090967.2911782,66
1781090967.2911806,1514
1781090967.2992015,2962
1781090967.3076293,66
1781090967.3076348,66
1781090967.307636,66
1781090967.3076386,2962
1781090967.318115,2962
1781090967.3257837,66
1781090967.3258066,66
1781090967.3340232,2962
1781090967.3346958,1570
1781090967.3502429,2962
1781090967.3532324,66
1781090967.355288,66
1781090967.367382,66
1781090967.3697367,66
1781090967.3697379,66
1781090967.3697388,2962
1781090967.381015,2962
1781090967.3862665,2962
1781090967.3906794,66
1781090967.390697,66
1781090967.4103358,2962
1781090967.4119537,2962
1781090967.4194272,66
1781090967.419784,66
1781090967.4200838,2962
1781090967.4202373,2962
1781090967.4431396,2962
1781090967.443324,66
1781090967.4434028,66
1781090967.4434688,2962
1781090967.4544542,66
1781090967.4554284,66
1781090967.4554772,2962
1781090967.4554274,2962
1781090967.4752493,66
1781090967.4752645,66
1781090967.4752657,66
1781090967.4752676,2962
1781090967.476512,66
1781090967.4765863,1514
1781090967.4812226,2962
1781090967.491211,66
1781090967.4912143,2962
1781090967.4988105,66
1781090967.4988232,2962
1781090967.507672,66
1781090967.5077224,66
1781090967.5083003,2962
1781090967.5169976,66
1781090967.5184016,2962
1781090967.526289,2962
1781090967.5332952,66
1781090967.5403438,66
1781090967.5423014,2962
1781090967.5572028,66
1781090967.5572116,66
1781090967.5594757,2962
1781090967.5598054,66
1781090967.5695703,2962
1781090967.5764568,66
1781090967.5766482,66
1781090967.5775416,2962
1781090967.5779028,2962
1781090967.5946252,66
1781090967.5947087,2962
1781090967.5946743,66
1781090967.5946763,2962
1781090967.61247,66
1781090967.6124513,66
1781090967.612525,2962
1781090967.6125011,2962
1781090967.6293592,66
1781090967.630035,1514
1781090967.6306124,2962
1781090967.639961,2962
1781090967.6467218,66
1781090967.6467316,66
1781090967.6480386,66
1781090967.6560574,2962
1781090967.6575396,66
1781090967.6612096,2962
1781090967.6701317,2962
1781090967.6725907,66
1781090967.6725934,66
1781090967.6747751,2962
1781090967.686601,66
1781090967.6874053,66
1781090967.6874075,2962
1781090967.6914482,66
1781090967.6914515,2962
1781090967.7048695,2962
1781090967.707893,66
1781090967.707896,66
1781090967.7083845,1514
1781090967.7173994,2962
1781090967.723268,66
1781090967.7245333,1514
1781090967.730574,2962
1781090967.7355866,70
1781090967.7361796,2962
1781090967.7478328,66
1781090967.747958,66
1781090967.7479591,66
1781090967.7505739,2962
1781090967.7514513,66
1781090967.752025,2962
1781090967.7663956,2962
1781090967.768934,66
1781090967.7695603,66
1781090967.7695615,2962
1781090967.782518,2962
1781090967.7871976,66
1781090967.7872012,2962
1781090967.801138,66
1781090967.8011477,66
1781090967.8011482,66
1781090967.804517,818
1781090967.807721,2962
1781090967.8085966,2962
1781090967.8269045,66
1781090967.8269067,66
1781090967.826908,2962
1781090967.8270745,2962
1781090967.8466098,2962
1781090967.8466394,66
1781090967.8568907,66
1781090967.8594713,66
1781090967.8595886,2962
1781090967.8615315,2962
1781090968.4659543,66
1781090968.4659555,66
1781090968.4659562,66
1781090968.4659572,2962
1781090968.4659994,66
1781090968.4660003,2962
1781090968.4748282,2962
1781090968.4753408,66
1781090968.475879,66
1781090968.4759014,2962
1781090968.4930208,66
1781090968.4940372,66
1781090968.4940383,66
1781090968.4952545,2962
1781090968.4964633,2962
1781090968.5127623,2962
1781090968.5128882,66
1781090968.5158257,2962
1781090968.5335305,2962
1781090968.5334892,66
1781090968.5335193,2962
1781090968.54422,66
1781090968.54602,2962
1781090968.5461013,66
1781090968.5461035,66
1781090968.546105,2962
1781090968.5615888,2962
1781090968.5640965,66
1781090968.5640993,2962
1781090968.5792954,66
1781090968.579349,66
1781090968.5793502,66
1781090968.5809474,66
1781090968.5809484,66
1781090968.5809493,1514
1781090968.581037,1514
1781090968.5882823,2962
1781090968.5895905,2962
1781090968.6084888,2962
1781090968.6128635,2962
1781090968.6225638,2962
1781090968.6230936,2962
1781090968.6425512,66
1781090968.643743,66
1781090968.6445694,66
1781090968.6445706,66
1781090968.6445754,66
1781090968.6446238,66
1781090968.6446247,66
1781090968.6446264,2962
1781090968.651825,66
1781090968.658684,2962
1781090968.6653192,2962
1781090968.6749632,2962
1781090968.6760361,66
1781090968.6760378,2962
1781090968.6908114,66
1781090968.691452,66
1781090968.6922405,2962
1781090968.6929336,66
1781090968.6945486,2962
1781090968.7092562,2962
1781090968.7137165,2962
1781090968.725376,66
1781090968.7273517,66
1781090968.7279727,66
1781090968.7279747,1514
1781090968.7311857,66
1781090968.7312524,2962
1781090968.743853,2962
1781090968.7542036,66
1781090968.7545104,66
1781090968.7545161,2962
1781090968.7577004,66
1781090968.772092,2962
1781090968.7724674,2962
1781090968.7815347,66
1781090968.7816525,2962
1781090968.7885604,2962
1781090968.7982337,66
1781090968.7984037,2962
1781090968.8061986,66
1781090968.8062034,66
1781090968.8062065,2962
1781090968.816582,2962
1781090968.8242042,66
1781090968.824234,2962
1781090968.83264,66
1781090968.8357773,2962
1781090968.841642,66
1781090968.8416584,2962
1781090968.8501,66
1781090968.851047,2962
1781090968.858252,66
1781090968.8585813,2962
1781090968.8684409,66
1781090968.8684988,2962
1781090968.8755188,2962
1781090968.8850589,66
1781090968.8850715,66
1781090968.8907793,2962
1781090968.8928676,66
1781090968.8932557,66
1781090968.893523,2962
1781090968.9028628,2962
1781090968.9112444,66
1781090968.911247,1514
1781090968.920865,66
1781090968.9208674,66
1781090968.920862,2962
1781090968.9244518,2962
1781090968.9369142,2962
1781090968.9390051,66
1781090968.9437191,2962
1781090968.9535878,66
1781090968.95417,2962
1781090968.9565847,66
1781090968.9597175,66
1781090968.9696476,2962
1781090968.9709477,66
1781090968.9712076,66
1781090968.971653,66
1781090968.9720063,2962
1781090968.977738,2962
1781090968.9925337,2962
1781090968.9954238,66
1781090968.9954877,66
1781090969.0019572,2962
1781090969.0064702,2962
1781090969.013128,66
1781090969.0166764,66
1781090969.0238163,66
1781090969.0238197,52
1781090969.0238216,66
1781090969.0239465,2962
1781090969.0256722,2962
1781090969.0364962,66
1781090969.0365038,2962
1781090969.0415778,2962
1781090969.0569057,2962
1781090969.0584278,66
1781090969.0587077,66
1781090969.0590918,2962
1781090969.0672488,66
1781090969.070706,2962
1781090969.077678,2962
1781090969.0853064,66
1781090969.0940406,2962
1781090969.1058347,66
1781090969.109172,66
1781090969.1092112,2962
1781090969.110272,66
1781090969.1111913,66
1781090969.1111982,2962
1781090969.1249702,2962
1781090969.1283882,2962
1781090969.1456697,66
1781090969.1456714,66
1781090969.1456738,2962
1781090969.1469412,2962
1781090969.155337,66
1781090969.1555414,2962
1781090969.162943,2962
1781090969.1728017,66
1781090969.172853,66
1781090969.173282,2962
1781090969.181652,66
1781090969.18166,66
1781090969.1816618,2962
1781090969.1913087,66
1781090969.1923091,2962
1781090969.2062008,66
1781090969.2062821,1514
1781090969.2066193,2962
1781090969.2079592,66
1781090969.2091763,66
1781090969.210934,2962
1781090969.224016,2962
1781090969.2262013,66
1781090969.226214,2962
1781090969.241114,66
1781090969.241121,66
1781090969.2414982,2962
1781090969.2430644,66
1781090969.244183,2962
1781090969.2585533,66
1781090969.259073,2962
1781090969.2612329,66
1781090969.2634535,2962
1781090969.2763088,1514
1781090969.278436,66
1781090969.2831206,2962
1781090969.284446,2962
1781090969.2958643,66
1781090969.3017359,2962
1781090969.3018467,66
1781090969.3025413,2962
1781090969.3187964,2962
1781090969.3191051,66
1781090969.3223295,2962
1781090969.3357434,2962
1781090969.335859,66
1781090969.352809,66
1781090969.3532217,66
1781090969.3534062,2962
1781090969.3536277,66
1781090969.3540564,66
1781090969.3540602,2962
1781090969.3617496,66
1781090969.3621438,2962
1781090969.3714552,2962
1781090969.3791254,66
1781090969.3894625,66
1781090969.389513,2962
1781090969.3896267,2962
1781090969.3976903,66
1781090969.4068813,66
1781090969.4068842,2962
1781090969.4069252,2962
1781090969.4157834,66
1781090969.4240127,66
1781090969.4240215,2962
1781090969.4240856,1514
1781090969.4240878,2962
1781090969.441153,66
1781090969.4407566,66
1781090969.4411507,2962
1781090969.4414728,2962
1781090969.4584174,66
1781090969.458422,2962
1781090969.4585037,66
1781090969.4592133,2962
1781090969.4769263,66
1781090969.4769225,2962
1781090969.4781497,66
1781090969.4937174,66
1781090969.4937203,66
1781090969.4937215,2962
1781090969.493778,2962
1781090969.5020714,66
1781090969.5106616,2962
1781090969.510728,66
1781090969.5107288,66
1781090969.510956,2962
1781090969.5195987,66
1781090969.5290725,1514
1781090969.5368454,2962
1781090969.5368931,66
1781090969.5468686,2962
1781090969.5544071,2962
1781090969.5557892,2962
1781090969.570897,66
1781090969.5709004,2962
1781090969.5728352,66
1781090969.584406,2962
1781090969.588174,66
1781090969.5887206,2962
1781090969.592787,66
1781090969.605815,66
1781090969.60582,66
1781090969.6065102,2962
1781090969.6105208,2962
1781090969.6232135,66
1781090969.6236367,2962
1781090969.6239762,2962
1781090969.6360807,2962
1781090969.6407864,66
1781090969.6407895,66
1781090969.6416273,2962
1781090969.6538174,66
1781090969.6539013,66
1781090969.6584523,2962
1781090969.663143,2962
1781090969.6714242,66
1781090969.6755335,66
1781090969.6756167,2962
1781090969.6896966,66
1781090969.6897676,2962
1781090969.6931193,66
1781090969.6931221,2962
1781090969.6984792,2962
1781090969.7105253,2962
1781090969.7105386,66
1781090969.7159472,66
1781090969.716236,2962
1781090969.727551,66
1781090969.727836,2962
1781090969.733469,66
1781090969.7364318,66
1781090969.7448268,66
1781090969.7455244,2962
1781090970.4712198,2962
1781090970.4708614,66
1781090970.4712055,2962
1781090970.4850295,66
1781090970.4850624,2962
1781090970.4850423,2962
1781090971.466115,2962
1781090971.4661136,66
1781090971.4662917,66
1781090971.4662924,2962
1781090971.4749317,2962
1781090971.4754517,66
1781090971.4754694,66
1781090971.4766474,1514
1781090971.4931786,66
1781090971.493197,66
1781090971.4931989,74
1781090971.493163,2962
1781090971.493221,66
1781090971.4932675,2962
1781090971.503723,1514
1781090971.5140505,2962
1781090971.5140488,2962
1781090971.5272458,66
1781090971.5272572,66
1781090971.5272448,52
1781090971.5272548,2962
1781090971.528158,74
1781090971.5281637,66
1781090971.5401666,66
1781090971.5401719,2962
1781090971.5442722,66
1781090971.5451574,2962
1781090971.5532682,2962
1781090971.561958,66
1781090971.56196,66
1781090971.562781,2962
1781090971.5661914,2962
1781090971.5797024,66
1781090971.5802228,2962
1781090971.582908,2962
1781090971.5971365,2962
1781090971.5999036,66
1781090971.6002243,66
1781090971.600583,2962
1781090971.6199422,66
1781090971.619811,66
1781090971.6198742,66
1781090971.6198752,74
1781090971.6198766,2962
1781090971.6202626,66
1781090971.6263409,2962
1781090971.6323242,2962
1781090971.6358335,2962
1781090971.6500428,74
1781090971.6500478,66
1781090971.65005,2962
1781090971.652795,2962
1781090971.6673563,66
1781090971.6673605,66
1781090971.668418,2962
1781090971.6698797,66
1781090971.669883,66
1781090971.6704345,2962
1781090971.6868677,66
1781090971.6868694,2962
1781090971.6876962,66
1781090971.687788,2962
1781090971.70578,2962
1781090971.7057781,2962
1781090971.7194917,2962
1781090971.7226615,66
1781090971.7226682,66
1781090971.7226696,2962
1781090971.7365584,2962
1781090971.7396896,66
1781090971.741373,66
1781090971.7413807,66
1781090971.7413821,2962
1781090971.7545712,66
1781090971.7546248,66
1781090971.754626,66
1781090971.754627,2962
1781090971.7580032,66
1781090971.75838,66
1781090971.7608116,2962
1781090971.7719078,66
1781090971.7719183,66
1781090971.7740448,2962
1781090971.7789059,2962
1781090971.7894242,2962
1781090971.7928672,2962
1781090971.8073387,1514
1781090971.810067,66
1781090971.8100727,66
1781090971.8105214,2962
1781090971.8150811,2962
1781090971.8281045,66
1781090971.828107,2962
1781090971.8331294,66
1781090971.8331406,66
1781090971.833142,2962
1781090971.8453782,2962
1781090971.8501418,2962
1781090971.8637521,2962
1781090971.8670132,66
1781090971.86735,2962
1781090971.8795607,66
1781090971.8795774,66
1781090971.8800101,2962
1781090971.8846056,66
1781090971.8846087,66
1781090971.8851216,66
1781090971.8853939,2962
1781090971.8976634,66
1781090971.8976715,66
1781090971.8976727,2962
1781090971.903155,2962
1781090971.9302435,2962
1781090971.9303079,2962
1781090971.940743,66
1781090971.9408088,2962
1781090971.9407988,2962
1781090971.9613078,2962
1781090971.9613059,66
1781090971.9613736,66
1781090971.9613752,2962
1781090972.4702559,66
1781090972.4715848,66
1781090972.4703805,66
1781090972.471589,66
1781090972.4715908,66
1781090972.4715924,2962
1781090972.4716866,66
1781090972.4778223,66
1781090972.47787,2962
1781090972.480638,2962
1781090972.4870117,2962
1781090972.5050578,2962
1781090972.5050335,2962
1781090972.5150201,66
1781090972.5150378,66
1781090972.5159593,2962
1781090972.5204995,66
1781090972.521649,2962
1781090972.535719,66
1781090972.5357373,66
1781090972.5357382,2962
1781090972.537905,66
1781090972.5384636,2962
1781090972.5504928,2962
1781090972.5559423,2962
1781090972.5673716,1514
1781090972.5776806,66
1781090972.5776944,66
1781090972.5776954,66
1781090972.5776958,66
1781090972.5776849,2962
1781090972.5777566,66
1781090972.5777688,2962
1781090972.5912542,1514
1781090972.598966,2962
1781090972.6001518,2962
1781090972.6103098,66
1781090972.6103268,66
1781090972.6115434,1514
1781090972.6201034,66
1781090972.6201108,2962
1781090972.6202178,2962
1781090972.6341877,1514
1781090972.640738,66
1781090972.6407404,66
1781090972.640742,2962
1781090972.6428912,66
1781090972.6434257,2962
1781090972.662092,66
1781090972.6621172,66
1781090972.6621187,2962
1781090972.662078,74
1781090972.6621118,66
1781090972.6621132,2962
1781090972.6721087,66
1781090972.6721106,66
1781090972.673497,2962
1781090972.6787968,2962
1781090972.6931026,2962
1781090972.7037866,74
1781090972.7038138,66
1781090972.7038147,66
1781090972.7038157,66
1781090972.703847,2962
1781090972.7073395,2962
1781090972.714582,2962
1781090972.7245224,66
1781090972.7245965,66
1781090972.7245975,66
1781090972.7350464,2962
1781090972.7351866,66
1781090972.7352433,2962
1781090972.745571,2962
1781090972.755702,2962
1781090972.76626,66
1781090972.7662668,66
1781090972.7662673,66
1781090972.7662518,66
1781090972.7662656,2962
1781090972.7768722,2962
1781090972.7876773,66
1781090972.7876945,66
1781090972.7876596,66
1781090972.7877476,2962
1781090972.7876892,66
1781090972.7876914,2962
1781090972.8086913,66
1781090972.808685,66
1781090972.8087165,2962
1781090972.8190236,2962
1781090972.8299885,66
1781090972.8300142,2962
1781090972.8348088,66
1781090972.8348117,2962
1781090972.85025,2962
1781090972.8517642,66
1781090972.852314,2962
1781090972.8606899,2962
1781090972.871549,2962
1781090972.8821657,2962
1781090972.8919306,2962
1781090972.893103,66
1781090972.8931096,66
1781090972.8933935,66
1781090972.8937774,66
1781090972.894411,2962
1781090972.9125009,1514
1781090972.9124877,66
1781090972.9125144,66
1781090972.9125154,66
1781090972.9125164,2962
1781090972.9229596,66
1781090972.9230378,2962
1781090972.9230247,2962
1781090972.9439747,2962
1781090972.9440436,66
1781090972.9440546,2962
1781090972.95417,66
1781090972.9544392,2962
1781090972.9652493,74
1781090972.9652658,2962
1781090972.9754455,66
1781090972.976044,66
1781090972.976046,66
1781090972.9759622,66
1781090972.9760482,66
1781090972.9760494,2962
1781090972.9859228,66
1781090972.9962652,66
1781090972.9962664,2962
1781090972.9977078,74
1781090972.999523,2962
1781090973.007905,2962
1781090973.0091133,2962
1781090973.027574,66
1781090973.0275884,2962
1781090973.0275812,66
1781090973.0275903,66
1781090973.0275912,66
1781090973.027592,2962
1781090973.0483856,66
1781090973.0482647,2962
1781090973.0484748,2962
1781090973.0694084,66
1781090973.0705492,2962
1781090973.0706694,66
1781090973.0707145,66
1781090973.072593,2962
1781090973.0801911,2962
1781090973.0819843,2962
1781090973.1010265,66
1781090973.101315,66
1781090973.1013286,66
1781090973.10133,2962
1781090973.1116223,66
1781090973.1116993,2962
1781090973.121841,2962
1781090973.1219435,66
1781090973.1219492,2962
1781090973.1321237,66
1781090973.132143,2962
1781090973.4709024,1514
1781090973.4711306,66
1781090973.4711504,2962
1781090973.4709704,66
1781090973.4711158,2962
1781090973.488026,66
1781090973.4880178,2962
1781090973.4882693,2962
1781090973.4984305,66
1781090973.498449,66
1781090973.4984503,2962
1781090974.4667413,2962
1781090974.466971,2962
1781090974.478163,2962
1781090974.4784284,2962
1781090974.4951313,66
1781090974.495266,2962
1781090974.4951465,2962
1781090974.5101,74
1781090974.5101027,66
1781090974.5101054,66
1781090974.5100868,66
1781090974.5100904,66
1781090974.5100951,2962
1781090974.5109267,66
1781090974.5109344,2962
1781090974.528259,66
1781090974.5282617,66
1781090974.5282457,66
1781090974.5282497,66
1781090974.5282536,1514
1781090974.529688,66
1781090974.5296922,66
1781090974.5297947,2962
1781090974.5367413,66
1781090974.536772,66
1781090974.536794,52
1781090974.5381691,2962
1781090974.5495872,78
1781090974.555468,2962
1781090974.557373,2962
1781090974.5715773,66
1781090974.571579,66
1781090974.571884,2962
1781090974.5723417,1514
1781090974.581163,1514
1781090974.5835524,78
1781090974.5835598,2962
1781090974.5895057,66
1781090974.5895073,66
1781090974.5904791,1514
1781090974.6000211,2962
1781090974.600116,78
1781090974.6008883,66
1781090974.6008933,66
1781090974.601616,2962
1781090974.6160214,2962
1781090974.6191826,66
1781090974.619196,2962
1781090974.6330762,66
1781090974.633091,2962
1781090974.6364484,66
1781090974.636615,2962
1781090974.6499667,1514
1781090974.6533196,2962
1781090974.6584616,66
1781090974.6591837,2962
1781090974.6704276,66
1781090974.6707888,66
1781090974.6711185,2962
1781090974.676233,2962
1781090974.6885545,78
1781090974.6885653,66
1781090974.688896,2962
1781090974.6935172,66
1781090974.6935253,66
1781090974.6935267,2962
1781090974.7061007,2962
1781090974.7119014,2962
1781090974.7230804,66
1781090974.7234392,66
1781090974.7239363,66
1781090974.7257829,2962
1781090974.7278826,66
1781090974.7281473,2962
1781090974.7410858,2962
1781090974.746102,66
1781090974.746116,66
1781090974.7461178,2962
1781090974.758512,2962
1781090974.771195,66
1781090974.7712126,2962
1781090974.7758424,2962
1781090974.7806926,66
1781090974.780745,1514
1781090974.791949,66
1781090974.7919588,66
1781090974.7919605,2962
1781090974.7923625,66
1781090974.7932775,66
1781090974.7932796,66
1781090974.7932806,66
1781090974.7940683,66
1781090974.7987669,1514
1781090974.8026292,2962
1781090974.8072407,2962
1781090974.820101,66
1781090974.8201041,2962
1781090974.8243861,2962
1781090975.4746916,2962
1781090975.474696,2962
1781090975.4831076,66
1781090975.4831097,66
1781090975.4831119,66
1781090975.4831135,66
1781090975.4838843,2962
1781090975.484198,2962
1781090975.5011241,66
1781090975.5011373,2962
1781090975.501129,66
1781090975.5011384,2962
1781090975.5204973,66
1781090975.5205069,66
1781090975.5205076,66
1781090975.520509,2962
1781090975.5309575,2962
1781090975.5371542,2962
1781090975.5392244,66
1781090975.5395713,66
1781090975.5400968,66
1781090975.5521805,2962
1781090975.5532966,66
1781090975.5540664,66
1781090975.5540714,2962
1781090975.5610352,66
1781090975.5610464,2962
1781090975.5721946,66
1781090975.572209,66
1781090975.5722096,66
1781090975.5722108,66
1781090975.5728402,2962
1781090975.577979,66
1781090975.5933192,1514
1781090975.5937138,66
1781090975.5983279,2962
1781090975.6005328,66
1781090975.6077948,2962
1781090975.6157022,2962
1781090975.616248,66
1781090975.6162534,2962
1781090975.6353836,2962
1781090975.6353815,2962
1781090975.649264,66
1781090975.6498272,66
1781090975.6500623,2962
1781090975.6505494,66
1781090975.650997,66
1781090975.6513674,2962
1781090975.6672885,2962
1781090975.6693988,2962
1781090975.6847246,2962
1781090975.698054,66
1781090975.6981227,2962
1781090975.7013433,66
1781090975.7019222,66
1781090975.7019267,66
1781090975.7025976,1514
1781090975.7068226,1514
1781090975.7110143,2962
1781090975.7154884,2962
1781090976.466176,66
1781090976.4646044,2962
1781090976.4663608,66
1781090976.4664078,2962
1781090976.4735208,2962
1781090976.4763083,66
1781090976.4774222,2962
1781090976.4900954,66
1781090976.4900975,66
1781090976.4910216,2962
1781090976.493042,66
1781090976.4930854,66
1781090976.493966,2962
1781090976.508829,66
1781090976.508839,66
1781090976.5088403,66
1781090976.5088422,2962
1781090976.5110319,66
1781090976.511046,1514
1781090976.5193832,2962
1781090976.5263083,2962
1781090976.5373008,66
1781090976.5373104,66
1781090976.5425708,2962
1781090976.5427525,52
1781090976.5435383,70
1781090976.5435417,2962
1781090976.554232,2962
1781090976.5610688,2962
1781090976.5715005,66
1781090976.5715177,66
1781090976.5776606,66
1781090976.5794086,2962
1781090976.5879836,1514
1781090976.5909493,66
1781090976.5946798,2962
1781090976.595324,1514
1781090976.6042058,2962
1781090976.6070418,2962
1781090976.6211202,66
1781090976.6211233,66
1781090976.621916,66
1781090976.6222472,66
1781090976.6222494,2962
1781090976.6228898,66
1781090976.6229005,66
1781090976.622902,2962
1781090976.639324,2962
1781090976.6401722,2962
1781090976.6565945,66
1781090976.6565964,2962
1781090976.6572144,66
1781090976.6572266,66
1781090976.657809,2962
1781090976.673777,2962
1781090976.6749458,2962
1781090976.691176,66
1781090976.6911824,2962
1781090976.6918392,66
1781090976.7003713,66
1781090976.7133148,66
1781090976.7133067,66
1781090976.7133088,2962
1781090976.733631,66
1781090976.7338433,66
1781090976.7336679,66
1781090976.7341373,2962
1781090976.73367,2962
1781090976.7439053,2962
1781090976.7542465,66
1781090976.7572424,2962
1781090976.7605865,2962
1781090976.7655463,2962
1781090976.7859762,2962
1781090976.7860024,66
1781090976.7862318,66
1781090976.79461,66
1781090976.7952735,66
1781090976.7952843,66
1781090976.7969086,2962
1781090976.7969303,2962
1781090976.8051052,2962
1781090976.813111,66
1781090976.8131127,66
1781090976.8143315,2962
1781090976.8221915,2962
1781090976.830612,2962
1781090976.8418903,66
1781090976.841902,66
1781090976.8419032,2962
1781090976.8487291,1514
1781090976.8563092,2962
1781090976.857593,2962
1781090976.8733883,66
1781090976.8733907,66
1781090976.8739803,66
1781090976.8742514,66
1781090976.8743339,2962
1781090976.8745017,66
1781090976.87505,2962
1781090976.8917825,66
1781090976.891781,66
1781090976.8918326,2962
1781090976.8926072,66
1781090976.8933983,2962
1781090976.9088485,2962
1781090976.9098823,66
1781090976.9127147,2962
1781090976.9258249,66
1781090976.9266849,2962
1781090976.9271567,66
1781090976.9274485,66
1781090976.932298,2962
1781090976.9440918,66
1781090976.9440932,2962
1781090976.9456224,2962
1781090976.9611702,66
1781090976.9611766,1514
1781090976.9626284,1514
1781090976.969787,2962
1781090976.9705446,2962
1781090976.9867423,66
1781090976.9874215,66
1781090976.98742,2962
1781090976.988743,66
1781090976.988793,2962
1781090977.003918,66
1781090977.0047433,2962
1781090977.0059857,2962
1781090977.0216038,66
1781090977.0233521,66
1781090977.0234077,66
1781090977.0234091,66
1781090977.0234106,2962
1781090977.0233502,2962
1781090977.039536,66
1781090977.039538,2962
1781090977.0405688,66
1781090977.0496616,66
1781090977.0498083,66
1781090977.0499773,2962
1781090977.0575552,66
1781090977.0575578,2962
1781090977.0594459,2962
1781090977.0768845,66
1781090977.0772464,1514
1781090977.0783176,2962
1781090977.0838068,2962
1781090977.094742,66
1781090977.0985682,2962
1781090977.0999455,66
1781090977.0999475,2962
1781090977.1108742,66
1781090977.110888,66
1781090977.112873,66
1781090977.1171384,66
1781090977.1174664,66
1781090977.1179996,2962
1781090977.1180341,66
1781090977.1399832,2962
1781090977.1400704,2962
1781090977.1531181,2962
1781090977.1530297,2962
1781090977.1656966,66
1781090977.1657195,2962
1781090977.1691256,66
1781090977.1696262,2962
1781090977.462136,66
1781090977.4621465,2962
1781090977.4692104,66
1781090977.4692752,66
1781090977.4709322,66
1781090977.4709387,2962
1781090977.4716938,2962
1781090977.4807398,2962
1781090977.4925115,2962
1781090977.5012758,66
1781090977.511832,2962
1781090977.5122192,2962
1781090977.522284,66
1781090977.522357,2962
1781090977.5223475,66
1781090977.5223594,66
1781090977.5226843,66
1781090977.523377,66
1781090977.5233827,2962
1781090977.5430896,2962
1781090977.5430114,66
1781090977.5430238,2962
1781090977.5550854,66
1781090977.5638313,66
1781090977.563909,66
1781090977.5639102,1514
1781090977.5639653,66
1781090977.574273,2962
1781090977.574396,66
1781090977.574416,2962
1781090977.5848436,66
1781090977.5849202,2962
1781090977.5849102,66
1781090977.5849144,2962
1781090977.605768,2962
1781090977.6059034,2962
1781090977.6268792,2962
1781090977.6269588,66
1781090977.6269648,66
1781090977.626966,2962
1781090977.6377625,66
1781090977.6377916,1514
1781090977.6377795,2962
1781090977.6480181,66
1781090977.6584733,2962
1781090977.658949,66
1781090977.6699367,66
1781090977.6700275,2962
1781090977.6713345,66
1781090977.6713364,66
1781090977.6713388,66
1781090977.6719265,2962
1781090977.678471,2962
1781090977.6887143,66
1781090977.6893182,2962
1781090977.699599,2962
1781090977.710006,2962
1781090977.7126071,66
1781090977.7133691,66
1781090977.7205262,66
1781090977.7232845,2962
1781090977.7243485,66
1781090977.7309093,74
1781090977.7412808,2962
1781090977.7429435,66
1781090977.7563121,2962
1781090977.7573364,66
1781090977.7578366,66
1781090977.7582395,2962
1781090977.76979,2962
1781090977.7753487,66
1781090977.775356,66
1781090977.7759924,2962
1781090977.7815876,2962
1781090977.7933803,66
1781090977.7934086,1514
1781090977.7988014,2962
1781090977.8043785,2962
1781090978.1087406,66
1781090978.1097794,66
1781090978.1097848,66
1781090978.1097865,66
1781090978.1097887,2962
1781090978.1088562,66
1781090978.1097958,66
1781090978.1097972,66
1781090978.109799,2962
1781090978.1192303,2962
1781090978.1192198,2962
1781090978.1359966,1514
1781090978.1363559,66
1781090978.13636,2962
1781090978.144608,2962
1781090978.1537888,70
1781090978.1542509,2962
1781090978.1614273,2962
1781090978.1712677,66
1781090978.1712723,2962
1781090978.178503,66
1781090978.1789744,66
1781090978.1794333,66
1781090978.179435,74
1781090978.180252,66
1781090978.180254,2962
1781090978.1887212,2962
1781090978.1972387,2962
1781090978.206076,66
1781090978.2060862,66
1781090978.2060883,66
1781090978.2074475,2962
1781090978.2149248,2962
1781090978.2240891,2962
1781090978.2317157,66
1781090978.2317176,66
1781090978.2338927,2962
1781090978.240899,66
1781090978.2412128,2962
1781090978.2494423,66
1781090978.249729,66
1781090978.2501106,2962
1781090978.2581334,66
1781090978.2585416,66
1781090978.2590065,66
1781090978.259229,66
1781090978.2597582,2962
1781090978.2670894,66
1781090978.2676837,2962
1781090978.2766109,2962
1781090978.2933252,2962
1781090978.2943819,66
1781090978.294392,2962
1781090978.302197,66
1781090978.302201,2962
1781090978.3120565,66
1781090978.3120673,2962
1781090978.319062,1514
1781090978.3285253,2962
1781090978.3293846,66
1781090978.3294759,66
1781090978.3294775,2962
1781090978.3460603,66
1781090978.346063,66
1781090978.3460643,2962
1781090978.34709,2962
1781090978.3625631,2962
1781090978.3646352,2962
1781090978.380276,66
1781090978.380279,2962
1781090978.3803194,66
1781090978.3825393,66
1781090978.3825412,66
1781090978.3825421,2962
1781090978.3973792,66
1781090978.3973842,2962
1781090978.4006793,2962
1781090978.4145858,66
1781090978.4145908,2962
1781090978.416077,1514
1781090978.4249187,2962
1781090978.4326527,66
1781090978.4327018,66
1781090978.4327033,66
1781090978.432705,2962
1781090978.4412656,66
1781090978.4424157,66
1781090978.4429743,2962
1781090978.450855,2962
1781090978.4602704,2962
1781090978.4681137,66
1781090978.4681604,66
1781090978.4681616,66
1781090978.4681642,2962
1781090978.4817946,66
1781090978.4820185,66
1781090978.4820216,66
1781090978.4820237,2962
1781090979.466368,66
1781090979.4686956,2962
1781090979.4662006,2962
1781090979.4752429,66
1781090979.4752467,66
1781090979.4752502,2962
1781090979.477476,66
1781090979.4774842,2962
1781090979.4932983,2962
1781090979.4950585,66
1781090979.4950714,66
1781090979.4950755,66
1781090979.4961622,2962
1781090979.510494,2962
1781090979.5124345,2962
1781090979.5319438,2962
1781090979.534389,2962
1781090979.544061,52
1781090979.5440638,2962
1781090979.5471494,66
1781090979.5471551,2962
1781090979.5614483,66
1781090979.561475,66
1781090979.5614781,2962
1781090979.5662956,66
1781090979.5663364,2962
1781090979.5805304,2962
1781090979.586082,66
1781090979.5861309,1514
1781090979.5911667,66
1781090979.5911727,66
1781090979.6014566,66
1781090979.6022666,66
1781090979.6022692,1514
1781090979.6024163,2962
1781090979.6056602,2962
1781090979.6109235,66
1781090979.6135218,2962
1781090979.6223404,66
1781090979.6223552,2962
1781090979.6287053,2962
1781090979.6393046,74
1781090979.6404114,66
1781090979.6411202,66
1781090979.641122,2962
1781090979.6456695,2962
1781090979.6578717,2962
1781090979.662277,2962
1781090979.674792,2962
1781090979.6791196,66
1781090979.6798902,74
1781090979.679899,66
1781090979.6804273,66
1781090979.6811407,2962
1781090979.6916478,66
1781090979.6921027,66
1781090979.6925664,74
1781090979.6929412,66
1781090979.6934257,66
1781090979.6934283,2962
1781090979.6982486,66
1781090979.6982517,66
1781090980.4630082,2962
1781090980.4631724,2962
1781090980.463104,66
1781090980.4718194,66
1781090980.4718215,66
1781090980.4718258,78
1781090980.4739685,2962
1781090980.4722538,2962
1781090980.4901676,2962
1781090980.4901762,2962
1781090980.5064359,66
1781090980.5064387,66
1781090980.506527,66
1781090980.5065327,66
1781090980.507495,2962
1781090980.507498,66
1781090980.5074997,1514
1781090980.5165715,1514
1781090980.5240397,66
1781090980.524408,2962
1781090980.5246983,66
1781090980.524699,66
1781090980.525933,74
1781090980.5317206,2962
1781090980.54186,66
1781090980.5418715,2962
1781090980.5425289,66
1781090980.5428772,66
1781090980.5599396,66
1781090980.5599544,2962
1781090980.570686,2962
1781090980.5764155,2962
1781090980.5816882,2962
1781090980.593377,2962
1781090980.5960474,1514
1781090980.6045413,2962
1781090980.6104088,66
1781090980.6108072,2962
1781090980.621767,66
1781090980.6217756,2962
1781090980.6278977,66
1781090980.6282945,2962
1781090980.6389534,66
1781090980.639229,2962
1781090980.645417,2962
1781090980.6566205,66
1781090980.6566257,66
1781090980.6572514,66
1781090980.6574461,2962
1781090980.6622164,2962
1781090980.67469,2962
1781090980.6793606,2962
1781090980.6921113,2962
1781090980.6970909,66
1781090980.6970975,66
1781090980.6970987,2962
1781090980.7086134,66
1781090980.7089493,66
1781090980.709608,66
1781090980.7144988,2962
1781090980.71464,66
1781090980.731465,66
1781090980.7314703,66
1781090980.732017,74
1781090980.7327764,2962
1781090980.7332828,66
1781090980.7424653,66
1781090980.7424881,2962
1781090980.752304,2962
1781090980.7522786,2962
1781090980.7732346,2962
1781090980.7732317,66
1781090980.773253,66
1781090980.7732542,2962
1781090980.7843034,2962
1781090980.7854505,2962
1781090980.8014407,2962
1781090980.8027785,2962
1781090980.825028,66
1781090980.8251584,74
1781090980.8251593,66
1781090980.8251605,66
1781090980.8250265,66
1781090980.8251574,2962
1781090980.8253155,2962
1781090980.8364747,2962
1781090980.8377388,2962
1781090980.8567512,2962
1781090980.8567424,66
1781090980.856759,66
1781090980.85676,66
1781090980.856761,2962
1781090980.877246,66
1781090980.877271,66
1781090980.8772721,2962
1781090980.8772442,66
1781090980.8772695,2962
1781090980.8887193,66
1781090980.8887224,1514
1781090980.8899004,66
1781090980.890368,66
1781090980.8903697,66
1781090980.8922536,2962
1781090980.8974707,2962
1781090980.9080021,2962
1781090980.9184282,66
1781090980.9187446,66
1781090980.9187458,2962
1781090980.925191,66
1781090980.9252052,2962
1781090980.9321976,66
1781090980.932504,2962
1781090980.9425373,66
1781090980.945295,66
1781090980.946545,66
1781090980.9498346,66
1781090980.9501522,66
1781090980.950562,2962
1781090980.9512832,2962
1781090980.9605815,1514
1781090980.9680061,2962
1781090980.9693434,2962
1781090980.9847205,2962
1781090980.9861095,66
1781090980.9876049,66
1781090980.9907436,2962
1781090981.0016017,2962
1781090981.0042374,66
1781090981.0093164,66
1781090981.0097842,2962
1781090981.0228817,66
1781090981.022959,66
1781090981.022961,2962
1781090981.0233371,2962
1781090981.036894,66
1781090981.036897,66
1781090981.037209,66
1781090981.0376651,66
1781090981.038247,2962
1781090981.0391858,66
1781090981.0391905,66
1781090981.0398715,2962
1781090981.0551786,66
1781090981.0551865,2962
1781090981.0573826,2962
1781090981.0727637,2962
1781090981.073887,66
1781090981.078364,2962
1781090981.0895762,2962
1781090981.0911133,66
1781090981.0917087,66
1781090981.098067,2962
1781090981.106604,66
1781090981.1075394,66
1781090981.1075406,2962
1781090981.1275322,66
1781090981.12689,2962
1781090981.1275446,66
1781090981.461424,66
1781090981.461669,66
1781090981.46167,66
1781090981.4616716,1514
1781090981.4619,2962
1781090981.4624488,2962
1781090981.470484,66
1781090982.4593778,2962
1781090982.459406,2962
1781090982.4586356,66
1781090982.6889694,66
1781090982.6889734,2962
1781090982.6890593,66
1781090982.6890607,66
1781090982.6890619,2962
1781090982.6977391,66
1781090982.6980984,2962
1781090982.6984735,2962
1781090982.7152572,66
1781090982.7152636,66
1781090982.715354,66
1781090982.715357,2962
1781090982.7163503,2962
1781090982.7328606,2962
1781090982.7329175,66
1781090982.7341754,2962
1781090982.7496257,66
1781090982.7501485,66
1781090982.7501516,2962
1781090982.7504168,66
1781090982.750421,2962
1781090982.767627,66
1781090982.7678647,52
1781090982.7678668,2962
1781090982.76794,66
1781090982.7679427,2962
1781090982.7849293,1514
1781090982.7851136,2962
1781090982.7935696,2962
1781090982.8024046,66
1781090982.8024075,66
1781090982.8027728,2962
1781090982.8107095,66
1781090982.8115423,66
1781090982.811544,2962
1781090982.8200347,2962
1781090982.8284433,66
1781090982.8288593,66
1781090982.82945,66
1781090982.8294525,2962
1781090982.8372657,1514
1781090982.845431,66
1781090982.8459952,2962
1781090982.846633,78
1781090982.84921,66
1781090982.855023,1514
1781090982.856086,2962
1781090982.8630097,66
1781090982.8632257,2962
1781090982.8734944,2962
1781090982.88053,66
1781090982.8810096,2962
1781090982.890032,66
1781090982.890311,2962
1781090982.8980603,66
1781090982.898069,66
1781090982.898486,66
1781090982.8989065,2962
1781090982.9074523,66
1781090982.9078212,2962
1781090982.916365,1570
1781090983.4569218,66
1781090983.4578998,1514
1781090983.457903,2962
1781090983.4569285,66
1781090983.457907,2962
1781090983.4684055,1514
1781090984.4635425,2962
1781090984.4635627,66
1781090984.4635642,54
1781090984.463565,2962
1781090984.4761865,66
1781090984.4762683,66
1781090984.4762998,2962
1781090984.4761853,66
1781090984.4762628,66
1781090984.4762635,66
1781090984.4762645,66
1781090984.476266,66
1781090984.4762673,2962
1781090985.472712,66
1781090985.471046,2962
1781090985.472828,66
1781090985.482838,66
1781090985.4814987,2962
1781090985.4829268,2962
1781090985.4964547,66
1781090985.4966636,66
1781090985.4970813,66
1781090985.4976091,66
1781090985.4977303,2962
1781090985.4980803,52
1781090985.498087,1514
1781090985.506844,2962
1781090985.5084798,2962
1781090985.5282097,66
1781090985.5283544,66
1781090985.5283685,2962
1781090985.5286765,66
1781090985.5286787,66
1781090985.5286803,2962
1781090985.5414972,66
1781090985.5415003,66
1781090985.5420218,66
1781090985.5422723,2962
1781090985.5439231,66
1781090985.5472794,66
1781090985.5551734,2962
1781090985.5593314,2962
1781090985.5698154,66
1781090985.5704558,2962
1781090985.5766058,2962
1781090985.5807312,66
1781090985.5909443,2962
1781090985.5935225,2962
1781090985.6033664,2962
1781090985.611547,66
1781090985.6115525,66
1781090985.6115546,66
1781090985.6115568,2962
1781090985.6216612,2962
1781090985.6293707,1514
1781090985.63324,66
1781090985.6338756,66
1781090985.6375916,2962
1781090985.6430795,66
1781090985.648595,2962
1781090985.6544368,66
1781090985.654442,66
1781090985.6550033,2962
1781090985.6569068,2962
1781090985.6722853,66
1781090985.6723866,66
1781090985.6729896,2962
1781090985.6739757,66
1781090985.6746013,66
1781090985.6746032,2962
1781090985.6898205,2962
1781090985.6916885,66
1781090985.6922557,66
1781090985.7066998,66
1781090985.7072613,2962
1781090985.7084394,2962
1781090985.7213838,2962
1781090985.724396,2962
1781090985.734018,2962
1781090985.7413197,66
1781090985.7418988,66
1781090985.741901,1514
1781090985.7505229,2962
1781090985.7507377,66
1781090985.7511065,2962
1781090985.770148,66
1781090985.7702339,66
1781090985.7702355,66
1781090985.7702365,66
1781090985.7701418,66
1781090985.7701435,66
1781090985.7701454,2962
1781090985.7703369,66
1781090985.7847188,2962
1781090985.7854972,66
1781090985.786224,2962
1781090985.793576,1514
1781090985.802025,2962
1781090985.8034706,2962
1781090985.820028,66
1781090985.8201413,2962
1781090985.8202398,66
1781090985.8238008,2962
1781090985.8359818,2962
1781090985.8378212,2962
1781090985.854005,66
1781090985.8543792,2962
1781090985.8586442,66
1781090985.862545,2962
1781090985.8710077,1570
1781090985.8716211,2962
1781090985.8800578,66
1781090985.8806214,66
1781090985.8885536,66
1781090985.8890023,66
1781090985.8896627,66
1781090985.889664,66
1781090985.8901546,66
1781090985.890156,1514
1781090985.8988173,2962
1781090985.9047143,66
1781090985.9111104,2962
1781090985.91644,2962
1781090985.9196925,66
1781090985.9196944,2962
1781090985.9328842,2962
1781090985.936924,2962
1781090985.949884,2962
1781090985.9549954,66
1781090985.9550672,2962
1781090985.9670947,66
1781090985.9679415,2962
1781090985.9712908,66
1781090985.980665,66
1781090985.9844573,66
1781090985.9850535,66
1781090985.9851713,66
1781090985.9861271,2962
1781090985.986222,66
1781090986.463354,66
1781090986.4633954,66
1781090986.4633965,1514
1781090986.4637253,2962
1781090986.4638731,66
1781090986.4722185,66
1781090986.4733708,2962
1781090986.4813166,2962
1781090986.481749,2962
1781090986.4994562,2962
1781090986.4985433,66
1781090986.4994504,2962
1781090986.5161698,66
1781090986.5161736,66
1781090986.516159,66
1781090986.516163,2962
1781090986.5276055,2962
1781090986.5337822,2962
1781090986.5363343,66
1781090986.5363421,2962
1781090986.5514975,66
1781090986.5515013,66
1781090986.5515082,66
1781090986.551511,2962
1781090986.5531414,66
1781090986.5569715,2962
1781090986.581999,52
1781090986.582141,66
1781090986.5821426,66
1781090986.582145,2962
1781090986.5828972,66
1781090986.5831597,2962
1781090986.598942,66
1781090986.598938,2962
1781090986.6044116,66
1781090986.6048672,66
1781090986.6088262,2962
1781090986.6089008,66
1781090986.6275601,2962
1781090986.635143,1514
1781090986.6351473,2962
1781090986.6435645,66
1781090986.6435688,66
1781090986.6435773,66
1781090986.6435802,1514
1781090986.652306,2962
1781090986.6523113,2962
1781090986.6696205,66
1781090986.6696262,2962
1781090986.6696303,2962
1781090986.6861012,2962
1781090986.686507,74
1781090986.6872344,66
1781090986.6872373,2962
1781090986.7031147,66
1781090986.703504,66
1781090986.7041566,66
1781090986.704151,66
1781090986.7041538,2962
1781090986.7053723,66
1781090986.705386,2962
1781090986.7246058,2962
1781090986.724601,66
1781090986.7253416,1514
1781090986.7307782,2962
1781090986.7394915,66
1781090986.7395425,66
1781090986.7420084,2962
1781090986.7481487,66
1781090986.7481673,2962
1781090986.7568333,66
1781090986.757545,66
1781090986.7591314,2962
1781090986.7647774,2962
1781090986.7753406,2962
1781090986.7817798,2962
1781090986.7918031,2962
1781090986.799073,66
1781090986.7993503,66
1781090986.799931,66
1781090986.7999337,66
1781090986.8007843,2962
1781090986.8092003,66
1781090986.8092158,66
1781090986.8129382,2962
1781090986.8175485,66
1781090986.8176644,74
1781090986.8181329,66
1781090986.818612,2962
1781090986.8268292,2962
1781090986.836185,2962
1781090986.8483305,66
1781090986.8532863,2962
1781090986.888223,66
1781090986.8882258,1514
1781090986.8928778,66
1781090986.8933969,2962
1781090986.8960583,66
1781090986.8963592,2962
1781090986.971922,2962
1781090986.9893136,66
1781090986.9893346,2962
1781090986.9922287,66
1781090986.9922318,66
1781090986.9926376,2962
1781090987.0062006,66
1781090987.006216,2962
1781090987.0099888,66
1781090987.0102475,2962
1781090987.0235004,66
1781090987.0238328,66
1781090987.024271,66
1781090987.024594,66
1781090987.0250309,2962
1781090987.027371,66
1781090987.0273802,66
1781090987.0277195,2962
1781090987.051117,2962
1781090987.051282,2962
1781090987.0597105,66
1781090987.0597193,66
1781090987.0603092,66
1781090987.061347,66
1781090987.0618823,66
1781090987.062759,66
1781090987.062767,1514
1781090987.0645373,66
1781090987.0716846,2962
1781090987.078338,2962
1781090987.232191,2962
1781090987.2455735,66
1781090987.246091,2962
1781090987.2491117,2962
1781090987.2632315,2962
1781090987.2661133,66
1781090987.2669218,66
1781090987.266924,66
1781090987.2669926,2962
1781090987.2801793,2962
1781090987.2891493,2962
1781090987.2974582,2962
1781090987.3013456,1514
1781090987.3098729,2962
1781090987.3145633,66
1781090987.3145647,66
1781090987.315182,66
1781090987.3151832,2962
1781090987.3310459,66
1781090987.3311255,66
1781090987.331127,66
1781090987.3311276,66
1781090987.3311288,2962
1781090987.3325334,2962
1781090987.3457088,2962
1781090987.349343,66
1781090987.3499084,66
1781090987.3505723,66
1781090987.3505735,2962
1781090987.362627,66
1781090987.3626304,2962
1781090987.367788,2962
1781090987.3802938,2962
1781090987.466765,66
1781090987.4667945,66
1781090987.466796,66
1781090987.4667523,2962
1781090987.4669116,2962
1781090987.4750936,66
1781090987.4754217,1514
1781090987.477309,2962
1781090987.497194,2962
1781090987.4974296,66
1781090987.503867,66
1781090987.5053527,2962
1781090987.5182242,66
1781090987.5226817,2962
1781090987.5236926,2962
1781090987.5507128,2962
1781090987.549863,66
1781090987.5504568,66
1781090987.5504575,66
1781090987.5504584,66
1781090987.5506706,66
1781090987.5507715,2962
1781090987.5601993,66
1781090987.5602047,66
1781090987.5602129,66
1781090987.560879,2962
1781090987.5609207,2962
1781090987.5767565,2962
1781090987.577553,2962
1781090987.5938466,66
1781090987.5942962,66
1781090987.5946813,1514
1781090987.5946846,66
1781090987.5953662,2962
1781090987.6036985,2962
1781090987.6121287,2962
1781090987.6224937,66
1781090987.6224995,66
1781090987.6293724,2962
1781090987.6293166,66
1781090987.6293223,66
1781090987.6300442,2962
1781090987.6378043,66
1781090987.6421688,2962
1781090987.6469254,2962
1781090987.6644244,66
1781090987.6643672,66
1781090987.6643736,66
1781090987.664489,2962
1781090987.6748407,2962
1781090987.674869,2962
1781090987.683289,2962
1781090987.725357,66
1781090987.7334945,66
1781090987.7334974,2962
1781090987.735942,2962
1781090987.7452433,1514
1781090987.7517996,2962
1781090987.7528584,2962
1781090987.7691202,2962
1781090987.770081,66
1781090987.7700863,2962
1781090987.785644,66
1781090987.7894135,66
1781090987.7894187,2962
1781090987.7895808,66
1781090987.7947059,66
1781090987.8047493,66
1781090987.8047569,66
1781090987.8050659,2962
1781090987.8050714,66
1781090987.8055966,66
1781090987.805601,2962
1781090987.8138347,66
1781090987.819057,2962
1781090987.8228338,2962
1781090987.8402443,1514
1781090987.8485906,66
1781090987.8485992,2962
1781090987.8724878,66
1781090987.8724852,2962
1781090987.8830292,2962
1781090987.8832,66
1781090987.883312,66
1781090987.8934517,2962
1781090987.9003134,2962
1781090987.9018018,2962
1781090987.9167573,66
1781090987.9172654,66
1781090987.9173505,74
1781090987.9179344,66
1781090987.9181504,66
1781090987.9187474,66
1781090987.9187458,2962
1781090987.9193165,2962
1781090987.935945,2962
1781090987.9362516,74
1781090987.9367871,2962
1781090987.955233,66
1781090987.9552395,66
1781090987.955231,2962
1781090987.9553235,66
1781090987.9699922,66
1781090987.969994,66
1781090987.9700775,2962
1781090987.9761846,2962
1781090987.9784546,2962
1781090987.9970284,66
1781090987.9970233,2962
1781090987.9971771,66
1781090988.0054057,66
1781090988.005477,2962
1781090988.0059192,2962
1781090988.0141554,66
1781090988.0289564,66
1781090988.0293775,2962
1781090988.0297437,66
1781090988.0297549,66
1781090988.0400527,2962
1781090988.0401027,66
1781090988.0466623,2962
1781090988.0702608,2962
1781090988.070181,66
1781090988.0702507,2962
1781090988.080682,2962
1781090988.080686,66
1781090988.080702,66
1781090988.080703,1514
1781090988.0882764,2962
1781090988.1121182,66
1781090988.1121385,2962
1781090988.112131,2962
1781090988.1209953,66
1781090988.1210027,66
1781090988.1217456,2962
1781090988.1223903,1514
1781090988.1326644,2962
1781090988.1384273,1514
1781090988.1533856,2962
1781090988.1533885,2962
1781090988.1641467,2962
1781090988.1649072,2962
1781090988.1844234,66
1781090988.1845279,2962
1781090988.1845021,66
1781090988.1845322,66
1781090988.184534,66
1781090988.1845355,66
1781090988.1845365,66
1781090988.1845376,2962
1781090988.2049835,66
1781090988.2050052,66
1781090988.2050061,2962
1781090988.2049892,2962
1781090988.2165456,66
1781090988.216549,2962
1781090988.2180452,66
1781090988.2180467,66
1781090988.2188675,2962
1781090988.2363217,2962
1781090988.2363296,2962
1781090988.2509558,66
1781090988.2513692,66
1781090988.2516363,2962
1781090988.2528524,66
1781090988.2528572,66
1781090988.2533283,2962
1781090988.2688756,66
1781090988.2688844,66
1781090988.269444,1514
1781090988.2709742,2962
1781090988.278464,2962
1781090988.2878556,66
1781090988.2878637,66
1781090988.2979822,2962
1781090988.2979698,2962
1781090988.308267,66
1781090988.3082764,2962
1781090988.312224,66
1781090988.312228,66
1781090988.3128157,2962
1781090988.375354,66
1781090988.3754685,2962
1781090988.3753438,2962
1781090988.3837686,66
1781090988.3837278,66
1781090988.3837476,2962
1781090988.385108,2962
1781090988.4017737,66
1781090988.4017756,66
1781090988.4017653,66
1781090988.4017677,66
1781090988.4017696,2962
1781090988.402304,2962
1781090988.4197118,66
1781090988.4196994,2962
1781090988.4201164,66
1781090988.4360442,66
1781090988.4360585,66
1781090988.436192,1514
1781090988.436194,2962
1781090988.4367764,2962
1781090988.454085,66
1781090988.4541774,2962
1781090988.4541118,2962
1781090988.4748058,66
1781090988.4753995,66
1781090988.4754329,2962
1781090988.476142,2962
1781090988.6283255,66
1781090988.6283543,2962
1781090988.6350937,66
1781090988.6365964,66
1781090988.6368952,66
1781090988.637607,2962
1781090988.6484368,2962
1781090988.6613271,2962
1781090988.6613607,2962
1781090988.671326,66
1781090988.6817374,2962
1781090988.6817334,2962
1781090988.6924586,2962
1781090988.692451,66
1781090988.6924553,2962
1781090989.453396,2962
1781090989.4533947,66
1781090989.4539268,2962
1781090989.4645622,66
1781090989.4645646,66
1781090989.4645658,1514
1781090989.464569,66
1781090989.4645703,1514
1781090989.4779,2962
1781090989.478049,2962
1781090989.4937868,66
1781090989.4942713,2962
1781090989.4939058,2962
1781090990.456595,2962
1781090990.4565926,66
1781090990.4570017,2962
1781090990.4659717,66
1781090990.4668307,66
1781090990.4668367,66
1781090990.4668381,66
1781090990.4668398,66
1781090990.4668624,1514
1781090990.465979,66
1781090990.4668448,2962
1781090990.480024,1514
1781090990.4834728,66
1781090990.4834764,2962
1781090990.4842134,2962
1781090990.5008943,66
1781090990.5004635,52
1781090990.5004659,66
1781090990.5008905,2962
1781090990.5017407,66
1781090990.5017443,2962
1781090991.2864435,2962
1781090991.2864358,1514
1781090991.2901423,66
1781090991.2901454,66
1781090991.2901475,74
1781090991.2901504,2962
1781090991.2950902,66
1781090991.295098,2962
1781090991.304981,66
1781090991.3049831,1514
1781090991.3123903,78
1781090991.312396,2962
1781090991.313258,66
1781090991.3132846,2962
1781090991.3296468,66
1781090991.33054,2962
1781090991.3305478,2962
1781090991.3478847,66
1781090991.347918,78
1781090991.3479214,66
1781090991.347889,66
1781090991.3480256,66
1781090991.3481717,74
1781090991.3487852,66
1781090991.3487887,74
1781090991.3487911,1514
1781090991.3535004,2962
1781090991.3573375,66
1781090991.357807,66
1781090991.3578155,2962
1781090991.3666852,66
1781090991.373522,2962
1781090991.3885663,2962
1781090991.3888326,78
1781090991.3927085,2962
1781090991.3989666,2962
1781090991.4009273,66
1781090991.4018793,74
1781090991.4116871,2962
1781090991.4147527,2962
1781090991.4221842,2962
1781090991.4307494,2962
1781090991.4372015,66
1781090991.4448245,66
1781090991.4482224,78
1781090991.4483085,78
1781090991.4490364,66
1781090991.4490383,2962
1781090991.4505355,2962
1781090991.458848,66
1781090991.4611142,66
1781090991.466386,66
1781090991.4671588,2962
1781090991.4672103,66
1781090991.483837,66
1781090991.4840686,66
1781090991.4846418,2962
1781090991.4846797,66
1781090991.4860394,2962
1781090991.4945805,2962
1781090991.5015063,66
1781090991.502337,1514
1781090991.5105524,2962
1781090991.511462,2962
1781090991.5275333,66
1781090991.5279148,1514
1781090991.528269,2962
1781090991.53669,2962
1781090991.5455132,66
1781090991.5458546,2962
1781090991.557377,2962
1781090991.5634513,66
1781090991.5678062,1514
1781090991.570525,66
1781090991.5709162,66
1781090991.5778058,2962
1781090991.5778024,2962
1781090991.5884619,2962
1781090991.589025,66
1781090991.589028,2962
1781090991.6086123,66
1781090991.6086261,66
1781090991.6086037,2962
1781090991.6088314,2962
1781090991.622558,2962
1781090991.6266139,1514
1781090991.6328933,2962
1781090991.640184,66
1781090991.6401877,2962
1781090991.6497824,66
1781090991.6497982,66
1781090991.6536531,66
1781090991.6568952,2962
1781090991.656878,2962
1781090991.669188,2962
1781090991.674358,66
1781090991.6743622,66
1781090991.6750581,66
1781090991.6750593,66
1781090991.6755755,66
1781090991.675577,66
1781090991.6761146,66
1781090991.6764636,2962
1781090991.6847465,2962
1781090991.693582,66
1781090991.694049,2962
1781090991.7019582,66
1781090991.7022114,66
1781090991.7027612,2962
1781090991.7109873,66
1781090991.7116866,66
1781090991.7116897,2962
1781090991.7198908,66
1781090991.7198944,66
1781090991.7214992,2962
1781090991.7294047,2962
1781090991.737969,66
1781090991.745316,66
1781090991.7458732,2962
1781090991.7631257,818
1781090991.767368,2962
1781090991.7697055,2962
1781090991.7844582,66
1781090991.784825,66
1781090991.7854087,66
1781090991.7857153,2962
1781090991.7865329,66
1781090991.79482,66
1781090991.7953672,2962
1781090991.802725,2962
1781090991.8037636,2962
1781090991.8200898,66
1781090991.8201005,2962
1781090991.8205628,66
1781090991.821212,66
1781090991.821538,66
1781090991.837192,66
1781090991.8374481,66
1781090991.838004,2962
1781090991.8732855,66
1781090991.8732955,66
1781090991.8732975,2962
1781090991.8840723,66
1781090991.8903656,2962
1781090991.8908262,1514
1781090991.8989542,66
1781090991.899023,2962
1781090991.8993094,2962
1781090991.9163928,2962
1781090991.9163895,66
1781090991.9164002,2962
1781090991.933616,66
1781090991.933667,66
1781090991.9339373,66
1781090991.934022,52
1781090991.9340231,66
1781090991.9346087,66
1781090991.9346106,66
1781090991.934663,66
1781090991.9358327,1570
1781090991.9358308,2962
1781090991.9444401,66
1781090991.9523737,2962
1781090991.9539967,66
1781090991.9562464,1514
1781090991.9562488,2962
1781090991.9701717,66
1781090991.9701746,2962
1781090991.9757712,66
1781090991.9867744,2962
1781090992.0033596,2962
1781090992.0038579,2962
1781090992.0114956,66
1781090992.012008,66
1781090992.0206785,66
1781090992.020987,2962
1781090992.031041,66
1781090992.0317552,2962
1781090992.0396242,2962
1781090992.0498757,2962
1781090992.459578,66
1781090992.460485,66
1781090992.4603107,66
1781090992.4603121,66
1781090992.4603138,2962
1781090992.469402,66
1781090992.4695158,2962
1781090992.4696674,2962
1781090992.7221968,2962
1781090992.7220898,2962
1781090992.730761,66
1781090992.7308435,66
1781090992.7304988,66
1781090992.7309058,66
1781090992.7309077,2962
1781090992.7311792,66
1781090992.7316864,2962
1781090992.748571,66
1781090992.7485673,2962
1781090992.7493603,2962
1781090992.7651455,66
1781090992.7655582,66
1781090992.7658176,66
1781090992.7661898,66
1781090992.7665877,2962
1781090992.7711573,2962
1781090992.7833502,2962
1781090992.7836702,1514
1781090992.7927566,2962
1781090992.8004088,66
1781090992.8005452,66
1781090992.8008902,66
1781090992.8014495,66
1781090992.809582,66
1781090992.809602,1514
1781090992.8098438,2962
1781090992.8187475,2962
1781090992.8277445,66
1781090992.8286574,66
1781090992.8298557,2962
1781090992.836011,2962
1781090992.8384619,66
1781090992.8529599,66
1781090992.8529704,66
1781090992.8529718,66
1781090992.8532968,2962
1781090992.8561356,66
1781090992.8627756,66
1781090992.8712125,2962
1781090992.877287,1514
1781090992.8880217,2962
1781090992.8878772,2962
1781090992.8964503,2962
1781090992.904908,66
1781090992.90491,66
1781090992.905491,2962
1781090992.9133997,2962
1781090992.926758,2962
1781090992.9303188,2962
1781090992.9393713,66
1781090992.939923,66
1781090992.9404013,2962
1781090992.9477472,66
1781090992.9478514,66
1781090992.9485326,66
1781090992.9485457,2962
1781090992.9573295,66
1781090992.9579275,66
1781090992.9579291,66
1781090992.9588215,66
1781090992.9588294,2962
1781090992.9657073,2962
1781090992.9762716,2962
1781090992.9830697,66
1781090992.9830754,2962
1781090992.9931402,2962
1781090993.0002072,66
1781090993.0006602,2962
1781090993.0098119,66
1781090993.0102453,2962
1781090993.0177062,66
1781090993.0177784,66
1781090993.0225785,66
1781090993.022665,2962
1781090993.0327106,66
1781090993.0327308,66
1781090993.032733,2962
1781090993.0359504,2962
1781090993.0533164,66
1781090993.0533867,2962
1781090993.0533118,1514
1781090993.0540922,2962
1781090993.070333,66
1781090993.0703382,66
1781090993.0708146,66
1781090993.0708115,1514
1781090993.0715156,2962
1781090993.0794666,2962
1781090993.094696,1514
1781090993.0967586,2962
1781090993.0967479,66
1781090993.096761,66
1781090993.097488,66
1781090993.0974896,66
1781090993.0980704,2962
1781090993.114531,2962
1781090993.1148934,2962
1781090993.1309972,66
1781090993.1312923,66
1781090993.1318445,66
1781090993.1318536,2962
1781090993.1572611,2962
1781090993.1575372,66
1781090993.161596,2962
1781090993.166085,66
1781090993.1664712,66
1781090993.1669617,66
1781090993.166963,2962
1781090993.1707036,2962
1781090993.1840982,2962
1781090993.187142,2962
1781090993.2010467,66
1781090993.201589,66
1781090993.2019649,66
1781090993.2023137,2962
1781090993.2039394,66
1781090993.2043688,2962
1781090993.2202594,66
1781090993.2205772,2962
1781090993.2215874,66
1781090993.2215936,2962
1781090993.236948,2962
1781090993.2389588,66
1781090993.2389677,66
1781090993.2396526,2962
1781090993.2537186,2962
1781090993.2564943,66
1781090993.2569864,66
1781090993.2574875,2962
1781090993.270937,1514
1781090993.2745814,2962
1781090993.2796116,2962
1781090993.2913213,2962
1781090993.3015726,66
1781090993.301594,66
1781090993.3015952,2962
1781090993.3088188,66
1781090993.3088305,66
1781090993.3098352,66
1781090993.3132658,2962
1781090993.3146398,66
1781090993.3146474,2962
1781090993.3265495,66
1781090993.3274698,66
1781090993.3320043,66
1781090993.3320115,66
1781090993.3326855,2962
1781090993.3497868,2962
1781090993.3533535,66
1781090993.355781,2962
1781090993.3643236,2962
1781090993.3670452,2962
1781090993.3837044,66
1781090993.3837464,2962
1781090993.3837154,66
1781090993.3837297,1514
1781090993.396515,2962
1781090993.4025655,2962
1781090993.4114854,66
1781090993.4114878,2962
1781090993.4154592,66
1781090993.4174874,2962
1781090993.4281056,2962
1781090993.4364948,2962
1781090993.4450574,66
1781090993.44506,66
1781090993.4450617,2962
1781090993.4506907,66
1781090993.4507065,66
1781090993.45071,2962
1781090993.4654884,66
1781090993.465623,66
1781090993.4656265,66
1781090993.4656286,2962
1781090993.4685495,66
1781090993.4685633,2962
1781090993.4812238,66
1781090993.4812343,1514
1781090993.490706,66
1781090993.4910364,66
1781090993.4910414,66
1781090993.4907153,2962
1781090993.4959264,66
1781090993.4959285,66
1781090993.495987,2962
1781090993.506418,2962
1781090993.5060506,66
1781090993.5064015,2962
1781090993.5235162,66
1781090993.5235202,2962
1781090993.523605,66
1781090993.5443797,66
1781090993.5444062,66
1781090993.5444083,2962
1781090993.5497444,2962
1781090993.5593417,2962
1781090993.5647142,2962
1781090993.5762599,66
1781090993.5762677,2962
1781090993.5762715,2962
1781090993.592579,1514
1781090993.5925756,2962
1781090993.6016216,2962
1781090993.6101193,66
1781090993.6101334,66
1781090993.610135,2962
1781090993.6188276,66
1781090993.6188333,66
1781090993.618835,66
1781090993.6279979,2962
1781090993.628264,2962
1781090993.6364431,2962
1781090993.644715,66
1781090993.6448133,2962
1781090993.6536272,66
1781090993.65411,2962
1781090993.6623597,66
1781090993.6623726,66
1781090993.662374,66
1781090993.6630077,2962
1781090993.6755893,66
1781090993.6755924,66
1781090993.6766663,2962
1781090993.680398,2962
1781090993.688817,2962
1781090993.6984894,66
1781090993.6985118,2962
1781090993.7065468,66
1781090993.706554,66
1781090993.716114,2962
1781090993.728931,2962
1781090993.731653,2962
1781090993.737554,66
1781090993.7375648,2962
1781090993.7499218,66
1781090993.7499402,66
1781090993.7499416,66
1781090993.7499437,66
1781090993.7499459,2962
1781090993.755387,2962
1781090993.8303473,2962
1781090993.8880856,66
1781090993.8886657,66
1781090993.888668,2962
1781090993.9115913,2962
1781090993.9208517,52
1781090993.920855,2962
1781090993.958253,2962
1781090993.9757023,2962
1781090994.0550354,2962
1781090994.055079,2962
1781090994.0635068,2962
1781090994.0634995,66
1781090994.0635033,66
1781090994.0644493,2962
1781090994.0807807,66
1781090994.0807877,66
1781090994.0817935,66
1781090994.0818074,66
1781090994.0817914,2962
1781090994.0994346,2962
1781090994.1134043,1514
1781090994.1134093,2962
1781090994.1158543,66
1781090994.115869,66
1781090994.1158714,2962
1781090994.2004561,66
1781090994.200465,66
1781090994.2004666,66
1781090994.204235,2962
1781090994.2123854,2962
1781090994.221509,66
1781090994.2215357,66
1781090994.2215374,1514
1781090994.2301264,1514
1781090994.241192,2962
1781090994.2417617,2962
1781090994.255706,2962
1781090994.2727811,66
1781090994.2727835,66
1781090994.2727845,66
1781090994.2728999,66
1781090994.2729266,2962
1781090994.289871,74
1781090994.292454,66
1781090994.2924626,2962
1781090994.2925472,2962
1781090994.3082042,2962
1781090994.3081958,2962
1781090994.3777418,2962
1781090994.377731,66
1781090994.3865676,1514
1781090994.3945582,66
1781090994.3956203,66
1781090994.3956225,66
1781090994.395625,2962
1781090994.4266222,2962
1781090994.4313412,66
1781090994.4313474,66
1781090994.4313488,66
1781090994.4313512,2962
1781090994.4393709,2962
1781090994.44879,66
1781090994.4488127,66
1781090994.449311,66
1781090994.4493148,2962
1781090994.4586036,66
1781090994.4588146,66
1781090994.4588165,2962
1781090994.4677954,2962
1781090994.473957,2962
1781090994.4840565,66
1781090994.4840662,66
1781090994.484068,66
1781090994.4879355,2962
1781090994.4913943,1514
1781090994.4999957,2962
1781090994.5018148,2962
1781090994.5170264,2962
1781090994.5337565,66
1781090994.5337763,66
1781090994.5337806,2962
1781090994.5869474,66
1781090994.58695,2962
1781090994.5870364,2962
1781090994.5959308,66
1781090994.6038668,2962
1781090994.6041267,66
1781090994.6134796,2962
1781090994.6211793,66
1781090994.6216922,66
1781090994.6216946,2962
1781090994.6217914,2962
1781090994.6388636,66
1781090994.6388595,2962
1781090994.6390061,2962
1781090994.6560605,66
1781090994.656063,1514
1781090994.657152,66
1781090994.657157,2962
1781090994.6648557,2962
1781090994.6747777,2962
1781090994.6851864,2962
1781090994.691121,66
1781090994.691124,2962
1781090994.6990206,66
1781090994.6990225,66
1781090994.6990244,2962
1781090994.708336,66
1781090994.7083545,2962
1781090994.7166638,66
1781090994.7172208,2962
1781090994.7264512,66
1781090994.726638,2962
1781090994.734438,66
1781090994.7344425,66
1781090994.7344446,2962
1781090994.7435637,66
1781090994.7435699,2962
1781090994.7574475,66
1781090994.757461,2962
1781090994.7604053,66
1781090994.7611997,2962
1781090994.770846,66
1781090994.7708678,2962
1781090994.7777648,66
1781090994.7786798,66
1781090994.7885191,66
1781090994.7890432,2962
1781090994.7891583,66
1781090994.8041432,2962
1781090994.80429,66
1781090994.821235,66
1781090994.8222988,66
1781090994.8223004,2962
1781090994.822388,2962
1781090994.9130409,66
1781090994.9130569,1514
1781090994.9162538,1514
1781090994.921946,2962
1781090994.9248006,2962
1781090994.9386358,2962
1781090995.5396736,66
1781090995.5396848,2962
1781090995.539769,2962
1781090995.5484662,66
1781090995.5484812,2962
1781090995.5566728,2962
1781090995.5655506,2962
1781090995.5740662,2962
1781090995.5828366,2962
1781090995.5980036,66
1781090995.5980253,66
1781090995.5980275,2962
1781090995.600857,66
1781090995.6008623,66
1781090995.6008635,66
1781090995.6019816,2962
1781090995.609224,66
1781090995.609229,66
1781090995.6092317,2962
1781090995.6182766,2962
1781090995.6265035,2962
1781090995.6349854,66
1781090995.6349907,66
1781090995.641271,2962
1781090995.644363,78
1781090995.6443732,66
1781090995.6443753,1514
1781090995.6532214,2962
1781090995.6532323,2962
1781090995.669923,66
1781090995.66993,2962
1781090995.6699336,66
1781090995.6699352,2962
1781090995.6873102,66
1781090995.6873271,2962
1781090995.6873178,2962
1781090995.7042215,66
1781090995.7050579,66
1781090995.705074,1514
1781090995.7050629,66
1781090995.7050786,2962
1781090995.7135923,2962
1781090995.7224257,66
1781090995.7224374,2962
1781090995.7305374,66
1781090995.7310736,66
1781090995.739838,66
1781090995.7398481,2962
1781090995.7398994,66
1781090995.757591,66
1781090995.7576082,66
1781090995.7576094,2962
1781090995.7578297,2962
1781090995.7674222,66
1781090995.7674332,2962
1781090995.7755537,66
1781090995.7755644,2962
1781090995.7838125,2962
1781090995.7930038,2962
1781090995.800653,66
1781090995.8011096,66
1781090995.8011122,1514
1781090995.8097363,66
1781090995.8097587,66
1781090995.8097608,2962
1781090995.8101552,2962
1781090995.8271344,66
1781090995.827251,2962
1781090995.8272393,66
1781090995.8272552,2962
1781090995.8442376,2962
1781090995.8446934,2962
1781090995.8615584,66
1781090995.8615654,66
1781090995.8616629,2962
1781090995.862819,66
1781090995.8789754,66
1781090995.8789783,66
1781090995.8791099,2962
1781090995.879933,1514
1781090995.887588,66
1781090995.8875935,2962
1781090995.88842,2962
1781090995.9046395,2962
1781090995.904946,2962
1781090995.9314733,66
1781090995.9322538,66
1781090995.9314828,66
1781090995.9322598,2962
1781090995.9329865,66
1781090995.9335003,2962
1781090995.940589,2962
1781090995.9427998,2962
1781090995.9576952,66
1781090995.9581668,66
1781090995.9581685,2962
1781090995.958978,66
1781090995.9589872,66
1781090995.9720962,2962
1781090995.9768677,66
1781090995.9768813,66
1781090995.9768844,2962
1781090995.9807076,66
1781090995.9807186,2962
1781090995.9935179,2962
1781090995.997659,66
1781090996.0104113,2962
1781090996.0105937,66
1781090996.0106251,2962
1781090996.0192575,2962
1781090996.0346215,52
1781090996.0349054,2962
1781090996.0452065,66
1781090996.045209,66
1781090996.0452106,2962
1781090996.0504646,2962
1781090996.0588782,66
1781090996.0588832,2962
1781090996.062494,66
1781090996.0631988,66
1781090996.0632014,2962
1781090996.0761967,66
1781090996.0767071,2962
1781090996.0803392,2962
1781090996.096611,66
1781090996.0973163,66
1781090996.0974727,2962
1781090996.097816,66
1781090996.1096706,66
1781090996.114819,66
1781090996.1152475,1514
1781090996.1245372,66
1781090996.1244898,2962
1781090996.124724,66
1781090996.1369078,2962
1781090996.140794,2962
1781090996.1500263,2962
1781090996.1577647,66
1781090996.1582174,66
1781090996.1582198,2962
1781090996.1628861,2962
1781090996.175892,2962
1781090996.1875353,1514
1781090996.1876864,2962
1781090996.192589,66
1781090996.1934502,2962
1781090996.204993,66
1781090996.2061307,66
1781090996.2061327,2962
1781090996.2100792,66
1781090996.210834,66
1781090996.2108362,2962
1781090996.223512,66
1781090996.2235348,66
1781090996.2235365,2962
1781090996.2280624,66
1781090996.2280698,2962
1781090996.2413142,66
1781090996.2453792,66
1781090996.2453835,2962
1781090996.259969,2962
1781090996.2626276,2962
1781090996.2683623,66
1781090996.2689548,66
1781090996.280569,66
1781090996.2805743,2962
1781090996.2807271,2962
1781090996.288813,2962
1781090996.2971647,66
1781090996.2975464,66
1781090996.2982798,2962
1781090996.3060095,66
1781090996.3065937,2962
1781090996.3184857,66
1781090996.3187041,66
1781090996.3187058,1514
1781090996.3246953,66
1781090996.324717,66
1781090996.3247004,2962
1781090996.3252895,66
1781090996.331782,2962
1781090996.3421013,2962
1781090996.3421004,2962
1781090996.3589656,2962
1781090996.358924,2962
1781090996.4547827,2962
1781090996.4547803,66
1781090996.4548624,2962
1781090996.4639719,66
1781090996.4639838,66
1781090996.4639854,2962
1781090996.4639778,66
1781090996.463988,2962
1781090996.4812026,2962
1781090996.4811332,66
1781090996.4811363,66
1781090996.48165,2962
1781090996.498129,66
1781090996.4981391,66
1781090996.498745,2962
1781090996.4987435,66
1781090996.499156,66
1781090996.4991574,2962
1781090996.5217366,66
1781090996.5218356,2962
1781090996.5218189,66
1781090996.521838,2962
1781090996.5336363,66
1781090996.5336444,2962
1781090996.534024,66
1781090996.5340257,2962
1781090996.5528688,2962
1781090996.5528724,66
1781090996.5535364,66
1781090996.5535376,2962
1781090996.5679317,66
1781090996.5679488,66
1781090996.568667,2962
1781090996.569231,2962
1781090996.5855153,2962
1781090996.586316,2962
1781090996.6035361,66
1781090996.6036503,66
1781090996.6036522,66
1781090996.6036541,2962
1781090996.6036377,1514
1781090996.6122832,2962
1781090996.6214123,1514
1781090996.6355145,66
1781090996.6355338,2962
1781090996.635512,66
1781090996.6355307,66
1781090996.6355324,2962
1781090996.6470199,2962
1781090996.6469517,66
1781090996.6469553,66
1781090996.647793,2962
1781090996.66416,66
1781090996.664702,1514
1781090996.6682038,66
1781090996.6766396,2962
1781090996.6871347,2962
1781090996.6975613,2962
1781090996.6976173,2962
1781090996.7083948,66
1781090996.7084136,66
1781090996.7084155,2962
1781090996.7128844,66
1781090996.713267,66
1781090996.7132702,2962
1781090996.7251785,2962
1781090996.7390635,66
1781090996.7391505,2962
1781090996.742262,66
1781090996.742283,66
1781090996.7426414,66
1781090996.746218,2962
1781090996.747744,2962
1781090996.7601104,2962
1781090996.7651086,66
1781090996.7652197,1514
1781090996.7806518,2962
1781090996.7807522,66
1781090996.7807693,66
1781090996.7807705,66
1781090996.7807715,2962
1781090996.7910848,66
1781090996.7910995,66
1781090996.7913446,2962
1781090996.8013628,2962
1781090996.8116481,66
1781090996.811666,66
1781090996.8172626,2962
1781090996.817292,66
1781090996.8239088,2962
1781090996.8302033,2962
1781090996.833766,66
1781090996.853462,2962
1781090996.8537536,66
1781090996.863626,66
1781090996.8636298,66
1781090996.8655233,2962
1781090996.87515,66
1781090996.8806703,2962
1781090996.8826814,66
1781090996.8826847,66
1781090996.8826866,2962
1781090996.891766,2962
1781090996.9048667,66
1781090996.9048822,2962
1781090996.9104064,66
1781090996.910501,2962
1781090996.9164572,66
1781090996.9168231,2962
1781090996.9235814,2962
1781090996.935698,66
1781090996.935702,2962
1781090996.942838,2962
1781090996.9533825,2962
1781090996.9575634,66
1781090996.957694,2962
1781090996.9684234,66
1781090996.96866,2962
1781090996.9752185,66
1781090996.9753857,66
1781090996.9767647,66
1781090996.9771123,66
1781090996.9771144,2962
1781090996.9874513,2962
1781090996.99405,2962
1781090997.0042899,66
1781090997.0043228,66
1781090997.0043247,2962
1781090997.0111785,2962
1781090997.0212138,66
1781090997.021219,2962
1781090997.0283256,66
1781090997.02833,66
1781090997.0283315,1514
1781090997.036873,2962
1781090997.0385168,2962
1781090997.0541403,66
1781090997.05422,2962
1781090997.0565004,2962
1781090997.072395,66
1781090997.0725508,1514
1781090997.072556,66
1781090997.0725572,66
1781090997.0731254,2962
1781090997.0804894,2962
1781090997.0899065,66
1781090997.0913486,2962
1781090997.097878,2962
1781090997.108322,2962
1781090997.1152112,66
1781090997.11532,66
1781090997.1153228,2962
1781090997.124435,66
1781090997.1248448,2962
1781090997.132947,66
1781090997.1330616,2962
1781090997.1443567,66
1781090997.144362,2962
1781090997.1495752,66
1781090997.1499615,66
1781090997.1516678,2962
1781090997.1594665,66
1781090997.1594722,2962
1781090997.1677926,66
1781090997.16789,66
1781090997.1678927,2962
1781090997.1767306,2962
1781090997.1857038,66
1781090997.1858065,2962
1781090997.1952322,66
1781090997.1952355,2962
1781090997.2031846,66
1781090997.2032619,2962
1781090997.2115781,66
1781090997.2115815,2962
1781090997.2199817,66
1781090997.2203689,2962
1781090997.2293568,2962
1781090997.2388928,66
1781090997.2389743,2962
1781090997.2454696,66
1781090997.248052,1514
1781090997.2559586,66
1781090997.2559547,2962
1781090997.2560232,66
1781090997.2614403,2962
1781090997.2723565,66
1781090997.27236,2962
1781090997.272424,66
1781090997.2813058,2962
1781090997.2891374,2962
1781090997.2907772,66
1781090997.300758,2962
1781090997.3066745,66
1781090997.306677,66
1781090997.3066785,2962
1781090997.3091915,66
1781090997.3198655,818
1781090997.3239303,66
1781090997.3241386,2962
1781090997.3242624,66
1781090997.340109,2962
1781090997.3422642,66
1781090997.342269,2962
1781090997.3485167,66
1781090997.359038,66
1781090997.359039,2962
1781090997.3591216,2962
1781090997.3674366,66
1781090997.3769953,66
1781090997.3769982,2962
1781090997.3772168,66
1781090997.3815756,2962
1781090997.3942838,66
1781090997.3942893,2962
1781090997.3943996,66
1781090997.3993676,2962
1781090997.4139862,66
1781090997.4148288,2962
1781090997.4149654,66
1781090997.423624,2962
1781090997.4342446,2962
1781090997.4343243,66
1781090998.4527612,818
1781090998.4521668,66
1781090998.452535,2962
1781090998.4530604,1514
1781090998.4571621,66
1781090998.457857,2962
1781090998.4612167,66
1781090998.4612327,2962
1781090998.475321,1514
1781090998.4790623,66
1781090998.4790788,2962
1781090998.4833417,2962
1781090998.4970822,66
1781090998.4970908,66
1781090998.4970925,2962
1781090998.5006242,66
1781090998.5006893,66
1781090998.5006907,66
1781090998.5011325,2962
1781090998.516222,52
1781090998.5162387,66
1781090998.5162401,2962
1781090998.5184214,66
1781090998.5184271,66
1781090998.5313354,66
1781090998.5313368,74
1781090998.532208,2962
1781090998.5324655,66
1781090998.5401273,74
1781090998.5488882,2962
1781090998.5491652,66
1781090998.565114,2962
1781090998.5660632,66
1781090998.5663385,66
1781090998.5671225,2962
1781090998.5738194,2962
